Game ID,Black Player,White Player,Result,Winner,Board Diff,Corner Diff,Territory Diff,Liberty Diff
197,武宫正树,大场惇也,B+0.5,B,0,-4,-2,-4
794,水间俊文,武宫正树,W+R,W,-1,2,-1,-22
975,武宫正树,大桥拓文,B+8.5,B,1,-2,-3,5
38023,安田泰敏,武宫正树,W+R,W,2,10,-2,19
38067,中村秀仁,武宫正树,W+1.5,W,0,-1,0,-23
38271,武宫正树,秋山次郎,B+R,B,1,2,0,1
38643,铃木伊佐男,武宫正树,W+R,W,-1,8,-4,-14
38858,熊丰,武宫正树,B+R,B,4,-1,5,16
38981,武宫正树,中小野田智己,W+2.5,W,-1,-6,-8,6
39162,武宫正树,后藤俊午,B+R,B,2,1,1,27
39242,武宫正树,山田拓自,W+2.5,W,1,1,0,-6
39689,武宫正树,邹海石,B+7.5,B,-3,-12,-3,-5
39738,武宫正树,依田纪基,W+R,W,1,-2,2,28
40382,武宫正树,工藤纪夫,B+R,B,2,1,1,-11
40506,武宫正树,山田规喜,W+0.5,W,-1,-1,-2,19
40578,武宫正树,郑铭煌,B+2.5,B,1,-3,-2,-4
40730,林子渊,武宫正树,B+4.5,B,0,8,-3,3
40892,武宫正树,李沂修,B+1.5,B,1,1,0,27
40992,武宫正树,苏耀国,B+R,B,1,-4,-2,-4
41170,武宫正树,杉内雅男,B+R,B,1,1,0,-8
41216,武宫正树,高尾绅路,B+3.5,B,-1,-4,-5,0
41235,堀本满成,武宫正树,W+7.5,W,-2,0,3,11
41514,依田纪基,武宫正树,B+3.5,B,0,4,0,-14
41529,武宫正树,淡路修三,B+R,B,1,14,1,-7
47727,武宫正树,王立诚,B+R,B,2,-1,1,5
47756,武宫正树,大矢浩一,W+2.5,W,-3,-8,-5,-7
47808,结城聪,武宫正树,W+1.5,W,4,3,4,41
48017,武宫正树,小山龙吾,B+R,B,0,5,0,10
48114,山下敬吾,武宫正树,B+8.5,B,-1,-4,-2,-12
48695,武宫正树,沟上知亲,W+7.5,W,-1,-2,-2,-7
48711,铃木步,武宫正树,B+4.5,B,2,6,4,3
48756,冈田伸一郎,武宫正树,W+R,W,-3,5,-3,1
48897,河野临,武宫正树,W+R,W,-1,-1,-1,-32
49339,马晓春,武宫正树,黑棋超时胜,B,-4,1,-3,9
49753,武宫正树,加藤充志,B+3.5,B,2,8,2,-9
49875,石田笃司,武宫正树,白胜3目半,W,3,4,4,-6
50170,三村智保,武宫正树,黑胜4目半,B,-1,1,1,17
50554,武宫正树,柳时熏,W+4.5,W,1,-2,0,-3
50646,山田规三生,武宫正树,白中盘胜,W,1,3,1,2
50741,武宫正树,依田纪基,W+6.5,W,0,-3,0,-10
51025,小林觉,武宫正树,W+R,W,2,4,0,-2
52140,曹薰铉,武宫正树,W+1.5,W,0,-1,0,21
52151,武宫正树,曹薰铉,W+R,W,-1,-4,0,0
53604,武宫正树,汤川光久,W+5.5,W,-3,-4,-5,3
53652,大户省三,武宫正树,W+18.5,W,-1,6,-1,0
53666,梅泽由香里,武宫正树,B+1.5,B,-1,0,0,-4
53667,平本弥星,武宫正树,W+R,W,0,-4,0,-6
53710,武宫正树,潘善琪,W+0.5,W,-3,0,-3,-15
53713,熊丰,武宫正树,W+R,W,3,-5,4,8
53752,山田晋次,武宫正树,B+2.5,B,1,-5,8,2
54150,武宫正树,金泽秀男,B+R,B,-5,1,-11,-10
54195,彦坂直人,武宫正树,W+7.5,W,-1,1,4,18
54199,武宫正树,加藤充志,B+3.5,B,2,8,2,-9
54200,三村智保,武宫正树,W+R,W,2,3,5,-2
54202,结城聪,武宫正树,B+R,B,3,3,1,-2
54214,武宫正树,黄翊祖,B+R,B,1,-5,1,8
54222,武宫正树,黄翊祖,B+4.5,B,-1,-1,0,-9
54233,依田纪基,武宫正树,B+10.5,B,-3,10,-2,-11
54273,武宫正树,林子渊,B+R,B,0,3,-2,-2
54329,武宫正树,井口丰秀,B+R,B,-8,-4,-7,-2
54995,武宫正树,村川大介,黑中盘胜,B,-3,-5,-5,-9
55715,武宫正树,山下敬吾,白胜4目半,W,-3,6,-5,-11
55996,武宫正树,井山裕太,白中盘胜,W,0,-1,0,-10
56277,武宫正树,铃木伸二,W+3.5,W,0,-6,-1,15
57200,赵治勋,武宫正树,B+6.5,B,4,6,24,4
57496,曹薰铉,武宫正树,白胜2又1/4子,W,4,-3,6,0
57687,武宫正树,聂卫平,白胜1/4子,W,0,4,-1,-12
58960,武宫正树,河野临,W+R,W,4,-5,4,12
58961,武宫正树,釰持丈,B+R,B,6,-2,3,-1
59018,武宫正树,赵善津,W+0.5,W,-1,-6,-2,-3
59029,有村比吕司,武宫正树,W+R,W,4,1,5,29
59261,武宫正树,釼持丈,W+2.5,W,2,1,-4,-9
59350,张栩,武宫正树,黑胜10.5,B,1,2,-1,-1
59370,大森泰志,武宫正树,W+0.5,W,-1,8,0,-1
59378,山城宏,武宫正树,B+0.5,B,1,7,3,-4
59456,武宫正树,森田道博,W+R,W,-2,1,-3,2
59457,仲邑信也,武宫正树,W+0.5,W,-1,10,1,1
59926,小林觉,武宫正树,B+1.5,B,1,7,0,-17
60651,武宫正树,金泽秀男,B+R,B,4,4,3,3
60934,武宫正树,后藤俊午,B+10.5,B,-1,-10,0,21
61257,宫泽吾朗,武宫正树,W+3.5,W,0,5,2,9
61416,孙喆,武宫正树,B+R,B,0,-3,1,7
61503,武宫正树,石田芳夫,B+7.5,B,-1,1,-1,-4
61757,武宫正树,聂卫平,白胜6又1/4子,W,0,-7,-2,-14
62308,武宫正树,宋光复,W+8.5,W,1,-5,0,-7
62716,Zen,武宫正树,B+11,B,2,2,3,-3
62717,Zen,武宫正树,B+20,B,-1,-1,1,-15
62804,杨嘉荣,武宫正树,W+R,W,2,9,6,-2
62876,武宫正树,片冈聪,W+8.5,W,2,-6,-1,1
62970,羽根直树,武宫正树,B+1.5,B,-2,6,-3,-12
63402,武宫正树,首藤瞬,W+R,W,-1,-3,-3,-2
64286,上村阳生,武宫正树,W+R,W,3,6,4,23
64537,小松藤夫,武宫正树,W+R,W,1,8,0,-20
64841,武宫正树,大场惇也,B+R,B,0,-9,-1,4
65069,武宫正树,高林拓二,B+10.5,B,1,-8,0,19
65507,铃木步,武宫正树,W+R,W,0,3,0,-8
65606,秋山次郎,武宫正树,B+R,B,0,8,-2,15
65678,宋光复,武宫正树,W+R,W,0,0,-1,-8
66397,森田道博,武宫正树,W+R,W,-1,1,1,-14
66511,汤川光久,武宫正树,W+3.5,W,1,2,2,21
66757,铃木伊佐男,武宫正树,W+R,W,1,1,1,-12
66993,大垣雄作,武宫正树,W+5.5,W,-1,1,0,-8
67064,下坂美织,武宫正树,W+R,W,1,9,0,-10
67376,大场惇也,武宫正树,W+0.5,W,0,6,0,8
67378,仲邑信也,武宫正树,B+R,B,-3,-1,-3,22
67483,武宫正树,河野临,W+R,W,-1,-6,-1,1
67774,武宫正树,依田纪基,W+6.5,W,3,-10,18,12
67944,武宫正树,王立诚,W+13.5,W,-1,-6,-1,-2
68109,武宫正树,鹤山淳志,B+2.5,B,1,-3,-1,-10
68273,星野正树,武宫正树,B+11.5,B,-1,-3,-1,-17
69581,武宫正树,王铭琬,W+R,W,-2,1,-3,-19
72204,青木喜久代,武宫正树,W+R,W,0,5,-1,1
72534,一力辽,武宫正树,B+4.5,B,-1,12,0,21
74864,武宫正树,赵善津,B+R,B,1,-1,-2,-1
75356,向井千瑛,武宫正树,W+R,W,2,3,1,-30
75385,林至涵,武宫正树,黑胜4又3/4子,B,0,4,-1,23
75492,黑嘉嘉,武宫正树,W+R,W,-1,9,0,21
75970,平田智也,武宫正树,B+6.5,B,7,2,5,-6
76633,武宫正树,小林觉,W+4.5,W,0,3,1,-22
78482,曹薰铉,武宫正树,白6又1/4子胜,W,0,6,6,17
78486,常  昊,武宫正树,黑3/4子胜,B,0,-6,1,-6
94408,林  海峰,武宫正树,白9目半胜,W,0,5,0,-1
97125,武宫正树,石田芳夫,黑2目半胜,B,-1,-4,0,4
97358,武宫正树,久保秀夫,黑中盘胜,B,1,2,-1,-7
100062,大渊浩太郎,武宫正树,白中盘胜,W,-3,-1,-7,0
103161,山城  宏,武宫正树,白2目半胜,W,0,12,0,9
103249,武宫正树,赵  治勋,白5目半胜,W,-2,-5,-1,11
103276,武宫正树,首藤  瞬,白9目半胜,W,0,-2,5,21
103285,武宫正树,中岛美绘子,黑中盘胜,B,-2,3,-1,-16
104240,本木克弥,武宫正树,黑3目半胜,B,5,9,16,25
106502,武宫正树,聂卫平,白中盘胜,W,1,-1,1,12
109574,武宫正树,聂卫平,白6目半胜,W,0,1,0,-6
109585,武宫正树,金泽  真,黑中盘胜,B,-2,-9,-22,14
130494,武宫正树,小松英子,黑中盘胜,B,-2,0,-2,-3
130503,武宫正树,安田泰敏,黑中盘胜,B,-1,5,1,-17
132666,安达利昌,武宫正树,黑10目半胜,B,1,7,0,11
133730,武宫正树,矢代久美子,黑中盘胜,B,1,-8,0,23
146019,石井邦生,武宫正树,白中盘胜,W,1,2,10,25
147990,平田智也,武宫正树,黑中盘胜,B,2,-4,2,17
150184,武宫正树,寺山怜,白中盘胜,W,-3,0,-4,-15
152784,武宫正树,加藤启子,黑中盘胜,B,-2,2,-7,-7
155263,淡路修三,武宫正树,黑8目半胜,B,-1,12,0,-10
157328,三王裕孝,武宫正树,白中盘胜,W,-3,-3,-2,-14
163313,武宫正树,马晓春,黑中盘胜,B,0,-7,1,13
172747,矢代久美子,武宫正树,白胜0.5目,W,1,0,4,7
177853,风间隼,武宫正树,白中盘胜,W,-1,-4,-2,-10
179320,林子渊,武宫正树,黑胜1.5目,B,1,12,2,4
184334,潘善琪,武宫正树,黑胜6.5目,B,1,1,1,-10
220572,武宫正树,藤村洋辅,黑中盘胜,B,2,-2,-4,-4
223077,沼馆沙辉哉,武宫正树,黑胜5.5目,B,4,6,3,8
247715,村松龙一,武宫正树,白中盘胜,W,0,0,0,-13
259185,武宫正树,玉井伸,黑中盘胜,B,1,0,0,12
271582,林汉杰,武宫正树,黑胜8.5目,B,3,-1,28,-3
273394,武宫正树,小林光一,黑胜1.5目,B,-1,-10,-3,2
275650,武宫正树,安达利昌,白胜0.5目,W,1,-4,0,-5
284533,武宫正树,山城宏,白胜0.5目,W,-3,-4,-6,-6
370940,王立诚,武宫正树,黑胜2.5目,B,0,4,0,-1
371711,藤村洋辅,武宫正树,白中盘胜,W,-2,-1,-2,-6
371772,武宫正树,高木祥一,黑胜10.5目,B,4,6,6,23
371856,武宫正树,刘顺宇,黑中盘胜,B,1,-4,0,7
372182,富士田明彦,武宫正树,白胜2.5目,W,-1,6,-3,-20
372332,张豊猷,武宫正树,白中盘胜,W,-6,0,-1,-1
372482,武宫正树,小林觉,黑胜1.5目,B,0,5,-2,-15
372762,寺山怜,武宫正树,黑胜1.5目,B,2,-7,2,-23
373072,武宫正树,金子真季,黑中盘胜,B,2,-1,2,-26
373262,武宫正树,大西龙平,黑中盘胜,B,1,1,0,-22
381107,武宫正树,冈田伸一郎,白胜0.5目,W,3,1,0,27
391050,武宫正树,山田晋次,白中盘胜,W,-5,-5,-6,-16
397783,三谷哲也,武宫正树,黑中盘胜,B,2,1,2,4
414679,张栩,武宫正树,黑胜3.5目,B,0,5,-1,10
517257,王立诚,武宫正树,黑胜4.5目,B,0,13,4,31
586371,武宫正树,聂卫平,白超时胜,W,0,0,-1,22
611746,武宫正树,聂卫平,白胜2又1/4子,W,0,-1,-9,-9
635613,武宫正树,王铭琬,黑中盘胜,B,0,-4,1,11
1056623,武宫正树,聂卫平,白胜5又1/4子,W,2,-2,3,1
1098905,武宫正树,林海峰,黑胜3/4子,B,1,-1,-17,12
1098907,芮乃伟,武宫正树,黑胜3又3/4子,B,1,6,3,20
1131526,武宫正树,刘昌赫,白棋超时胜,W,1,4,0,11
1159260,石田芳夫,武宫正树,黑胜4.5目,B,-3,3,-3,-13
65857,李昌镐,李志贤,W+R,W,0,3,-1,2
65909,罗玄,李昌镐,B+1.5,B,4,4,5,8
66076,孔杰,李昌镐,W+R,W,-1,6,1,-10
66094,崔哲瀚,李昌镐,B+R,B,-1,-2,-4,13
66146,李昌镐,谢赫,黑超时胜,B,0,7,-1,9
66372,范廷钰,李昌镐,白超时胜,W,-1,4,-2,-17
66455,李昌镐,金志锡,B+R,B,4,-4,2,2
66549,李昌镐,朴廷桓,B+R,B,1,0,-2,-3
66634,李昌镐,金升宰,W+0.5,W,-1,0,-1,13
66886,李昌镐,朴廷桓,W+R,W,4,2,3,14
67239,朴廷桓,李昌镐,W+R,W,-5,-5,-4,-14
67286,赵汉乘,李昌镐,W+R,W,3,5,1,-15
67346,李昌镐,朴永训,W+R,W,5,-3,6,27
67502,申真谞,李昌镐,B+R,B,3,-2,2,9
67566,李昌镐,李世石,B+R,B,-2,-5,-1,-1
67582,李昌镐,朴永训,W+R,W,1,-1,-6,28
67607,李昌镐,王昊洋,B+R,B,0,-2,0,-8
67770,李泰贤,李昌镐,W+R,W,3,-1,1,7
67800,李昌镐,陈耀烨,W+R,W,-3,-5,-2,6
68028,李世石,李昌镐,W+R,W,2,-1,2,6
68049,罗洗河,李昌镐,W+R,W,3,6,2,6
68071,李昌镐,陶忻,W+R,W,2,6,2,13
68075,李昌镐,陈潇楠,W+R,W,-1,4,0,-7
68099,朱元豪,李昌镐,黑胜3/4子,B,4,0,2,2
68105,汪涛,李昌镐,W+R,W,6,5,4,9
68138,李昌镐,檀啸,B+R,B,-6,-1,-2,-5
68154,李昌镐,古灵益,白胜1/4子,W,0,0,7,8
68204,李昌镐,井山裕太,W+R,W,-5,-4,-6,-5
68239,李昌镐,李志贤,B+R,B,-1,0,-2,-14
68264,申真谞,李昌镐,W+1.5,W,0,-1,1,3
68279,李昌镐,雷震坤,W+R,W,-1,0,1,17
68446,洪性志,李昌镐,B+R,B,-2,4,0,4
68849,赵汉乘,李昌镐,W+R,W,-4,0,-2,-3
68864,白洪淅,李昌镐,B+R,B,2,-4,4,8
68866,李昌镐,李熙星,B+1.5,B,3,6,2,7
69112,卞相壹,李昌镐,B+R,B,2,6,8,-5
69766,姜东润,李昌镐,B+0.5,B,0,-5,-3,-1
70126,李昌镐,金庭贤,W+R,W,-1,5,1,5
70414,尹峻相,李昌镐,W+R,W,-1,-5,-2,-15
70611,李昌镐,李东勋,B+R,B,1,3,1,8
71355,金升宰,李昌镐,W+R,W,1,-2,1,9
71659,姜秉卷,李昌镐,W+1.5,W,1,6,0,0
72418,李昌镐,姜至省,W+R,W,0,-4,2,33
72456,李昌镐,朴永训,W+4.5,W,1,1,1,21
74882,尹俊相,李昌镐,W+R,W,0,-2,0,6
74892,李昌镐,申旻埈,W+R,W,-1,8,-2,-2
75368,陈兆年,李昌镐,W+R,W,0,1,0,11
75439,卞相壹,李昌镐,B+R,B,-2,-10,-2,4
75469,孔杰,李昌镐,B+R,B,-4,-3,-4,4
77620,李昌镐,朴正祥,黑中盘胜,B,1,3,-2,-4
77634,申旻埈,李昌镐,白中盘胜,W,0,4,2,15
78534,李昌镐,安成浚,黑中盘胜,B,7,1,6,30
79122,李昌镐,朴廷桓,黑棋中盘胜,B,1,4,1,0
79378,罗  玄,李昌镐,黑棋中盘胜,B,1,5,-1,1
80243,时  越,李昌镐,黑棋中盘胜,B,0,-2,-1,13
80267,李昌镐,孟泰龄,黑棋超时胜,B,0,4,1,1
80269,李昌镐,朴廷桓,白棋中盘胜,W,0,3,0,16
83866,赵惠连,李昌镐,白棋中盘胜！,W,2,-4,1,20
86776,李世石,李昌镐,黑棋中盘胜！,B,-2,-4,-11,7
86827,廖元赫,李昌镐,黑棋中盘胜！,B,-1,5,-3,5
94334,李昌镐,罗  玄,黑中盘胜,B,1,-2,1,12
97370,金志锡,李昌镐,黑中盘胜,B,4,5,3,-6
97376,李昌镐,白洪淅,白1目半胜,W,1,-2,-2,18
97382,朴廷桓,李昌镐,黑中盘胜,B,-2,-8,-9,-12
97383,姜昇旼,李昌镐,白中盘胜,W,-2,3,-2,26
100021,朴永训,李昌镐,白中盘胜,W,1,1,3,-6
100083,李昌镐,金主镐,白2目半胜,W,3,0,0,1
100135,林君谚,李昌镐,黑中盘胜,B,0,-8,3,16
100194,李昌镐,安祚永,黑中盘胜,B,5,9,4,3
100259,朴进率,李昌镐,白中盘胜,W,-1,3,-2,-7
103336,李泰贤,李昌镐,黑中盘胜,B,1,3,0,-16
103438,李昌镐,宋泰坤,白中盘胜,W,-1,0,-2,-9
103494,李昌镐,韩态熙,白中盘胜,W,1,-2,0,5
104280,李东勋,李昌镐,黑中盘胜,B,1,-1,-1,19
106466,李昌镐,常  昊,黑半目胜,B,0,-3,-3,9
106538,李志贤,李昌镐,白中盘胜,W,3,-4,3,29
109582,李昌镐,白洪淅,黑中盘胜,B,3,1,3,-7
109680,朴进率,李昌镐,白中盘胜,W,1,-3,1,3
113739,金东昊,李昌镐,白中盘胜,W,0,0,-1,-6
113775,李昌镐,林君谚,黑中盘胜,B,-3,4,-5,-11
113823,唐韦星,李昌镐,黑1.5目胜,B,2,3,3,37
130521,李昌镐,朴正祥,黑中盘胜,B,1,-2,-1,15
132250,刘昌赫,李昌镐,黑中盘胜,B,-2,-2,-1,-3
133381,李昌镐,曹薰铉,黑8目半胜,B,1,0,0,-4
134251,徐奉洙,李昌镐,白中盘胜,W,2,-7,2,-6
135426,赵治勋,李昌镐,白2目半胜,W,1,4,1,-1
135868,李昌镐,姜东润,白中盘胜,W,3,7,1,2
158982,李昌镐,常昊,黑中盘胜,B,0,2,0,14
169020,金庭贤,李昌镐,白中盘胜,W,1,0,1,-5
171420,洪旼杓,李昌镐,白胜1.5目,W,1,-5,1,11
172738,李昌镐,李昌锡,黑中盘胜,B,0,6,0,14
177878,李世石,李昌镐,黑中盘胜,B,-3,-4,8,7
178956,李昌镐,崔宰荣,黑中盘胜,B,2,-4,3,-19
182817,许映皓,李昌镐,白中盘胜,W,2,3,0,-5
182825,李昌镐,姜至省,白中盘胜,W,-2,1,0,-3
185358,李昌镐,闵详然,黑中盘胜,B,1,-3,-2,17
190474,常昊,李昌镐,白中盘胜,W,2,1,1,-19
192572,姜儒泽,李昌镐,黑中盘胜,B,-2,1,-2,-20
195037,李昌镐,崔哲瀚,白中盘胜,W,0,-1,0,11
197005,李昌镐,金庭贤,白中盘胜,W,0,6,0,10
197646,依田纪基,李昌镐,白中盘胜,W,-1,1,-2,-20
197891,李昌镐,常昊,白中盘胜,W,2,8,2,23
216797,李昌镐,韩态熙,黑胜0.5目,B,0,-6,-2,5
219388,李昌镐,崔精,黑中盘胜,B,-1,3,-3,-23
219709,李昌镐,崔精,黑中盘胜,B,0,-8,-2,-1
223049,李昌镐,宋知勋,白胜0.5目,W,1,4,2,-2
223100,李昌镐,申旻埈,白胜5.5目,W,-2,1,-2,-21
225945,李泰贤,李昌镐,黑中盘胜,B,2,0,3,28
236874,李昌镐,姜儒泽,白中盘胜,W,-2,-4,-2,-13
237428,朴廷桓,李昌镐,黑中盘胜,B,-1,-6,-2,-8
258013,李昌镐,崔圭丙,黑中盘胜,B,-1,-2,2,5
274884,李昌镐,李世石,黑中盘胜,B,4,7,5,15
283843,李昌镐,朴廷桓,白中盘胜,W,-3,6,-2,-6
289402,林彦丞,李昌镐,黑中盘胜,B,0,11,0,-14
371154,李昌镐,李世石,黑胜7.5目,B,2,2,1,-1
371202,李昌镐,许映皓,白中盘胜,W,-1,1,-1,11
371393,李世石,李昌镐,黑中盘胜,B,6,2,7,-10
371502,李昌镐,李元荣,黑中盘胜,B,-2,2,-5,-11
371784,李昌镐,申旻埈,白中盘胜,W,-2,3,-4,-33
371888,许映皓,李昌镐,白中盘胜,W,-1,11,-1,-10
371970,李昌镐,申真谞,白中盘胜,W,-2,-1,0,20
372024,李昌镐,元晟溱,白胜2.5目,W,1,-4,1,14
372243,宋知勋,李昌镐,白中盘胜,W,0,-2,1,-14
372477,李昌镐,李映九,黑中盘胜,B,0,-3,0,6
372651,李昌镐,金庭贤,黑中盘胜,B,0,6,1,-12
372789,李昌锡,李昌镐,黑胜1.5目,B,-2,-1,-3,22
372952,李昌镐,赵汉乘,白中盘胜,W,0,-6,1,-4
372996,李昌镐,赵惠连,白胜0.5目,W,-3,7,-3,-31
373179,李元荣,李昌镐,白中盘胜,W,0,-2,-3,-14
373288,尹峻相,李昌镐,黑中盘胜,B,3,3,2,9
373460,李昌镐,崔精,黑中盘胜,B,2,-2,2,-11
374228,李昌镐,偰玹准,白中盘胜,W,1,-3,1,-11
377399,姜儒泽,李昌镐,白胜0.5目,W,-1,-1,-1,-23
385212,洪性志,李昌镐,黑中盘胜,B,1,7,-3,-1
395858,薛勋,李昌镐,白胜1目,W,1,-2,2,25
395860,元裕哲,李昌镐,黑中盘胜,B,-1,-8,-1,-25
405574,卞相壹,李昌镐,黑胜1.5目,B,2,-3,3,8
406220,尹灿熙,李昌镐,白中盘胜,W,-1,5,0,-6
406836,李昌镐,尹灿熙,黑中盘胜,B,0,6,-5,10
444552,李昌镐,李世石,白中盘胜,W,5,0,0,3
480550,金志锡,李昌镐,黑中盘胜,B,5,3,-1,-15
482065,柳珉滢,李昌镐,黑胜1.5目,B,-1,5,-4,8
572122,元晟溱,李昌镐,白胜2.5目,W,4,-3,3,22
576658,罗玄,李昌镐,黑中盘胜,B,2,-1,0,-3
586364,李昌镐,李映九,白中盘胜,W,-1,-3,1,6
596430,偰玹准,李昌镐,白中盘胜,W,0,2,5,14
598735,李昌镐,金世东,白胜9.5目,W,-5,-7,-5,-22
602189,李昌镐,卞相壹,白中盘胜,W,2,4,2,22
607889,陈耀烨,李昌镐,黑中盘胜,B,0,-2,4,-1
623387,姜东润,李昌镐,白中盘胜,W,0,7,-1,6
634338,李志贤,李昌镐,黑胜2.5目,B,-1,-5,-2,7
643531,宋知勋,李昌镐,黑中盘胜,B,5,9,7,26
660323,李昌镐,李映九,白中盘胜,W,0,-3,0,-7
665877,李昌镐,吴侑珍,白中盘胜,W,-5,-4,-5,1
684273,谢尔豪,李昌镐,黑中盘胜,B,8,6,10,33
693773,李昌镐,朴键昊,黑中盘胜,B,0,-8,-1,35
699802,李昌镐,李志贤,黑中盘胜,B,4,3,4,-5
703196,依田纪基,李昌镐,黑胜3/4子,B,3,11,3,1
742448,朴河旼,李昌镐,白中盘胜,W,-6,5,-6,2
742454,李昌镐,朴河旼,白胜2.5目,W,-2,0,-2,-3
752040,卞相壹,李昌镐,黑中盘胜,B,2,1,5,-8
754892,李昌镐,罗玄,白中盘胜,W,-1,-2,2,-2
1048851,李昌镐,李东勋,白中盘胜,W,-6,-3,-6,-52
1492120,李昌镐,陈耀烨,白中盘胜,W,0,7,7,23
1734271,李昌镐,古力,白棋中盘胜,W,0,-2,1,26
1734272,李昌镐,常昊,黑棋中盘胜,B,-1,-4,4,-7
1975113,李昌镐,高尾绅路,黑棋中盘胜,B,1,-9,1,19
1975262,常昊,李昌镐,黑棋中盘胜,B,-1,5,-2,1
1977421,马晓春,李昌镐,白棋中盘胜,W,-2,0,-2,-18
3415498,李轩豪,李昌镐,黑棋6.5目胜,B,0,2,2,-13
4684726,李昌镐,常昊,黑棋中盘胜,B,2,4,0,1
4827764,赵晨宇,李昌镐,黑棋中盘胜,B,6,9,12,19
6723463,李昌镐,檀啸,白棋中盘胜,W,-2,-2,-3,-17
131306,李世石,朴廷桓,黑中盘胜,B,-2,-1,-2,-15
134592,李世石,柯洁,白中盘胜,W,-2,1,-2,-13
134593,李世石,一力辽,黑中盘胜,B,1,-2,1,-4
137496,李世石,白洪淅,黑中盘胜,B,-1,3,0,10
137721,村川大介,李世石,白中盘胜,W,3,7,5,29
137846,李世石,连笑,黑中盘胜,B,-1,-8,-3,-8
137950,井山裕太,李世石,白中盘胜,W,3,-2,2,1
139087,李世石,谷歌围棋AlphaGo,白中盘胜,W,-1,-7,-7,-7
139250,谷歌围棋AlphaGo,李世石,黑中盘胜,B,1,3,-6,-3
140037,谷歌围棋AlphaGo,李世石,白中盘胜,W,0,-1,-1,14
140038,李世石,谷歌围棋AlphaGo,白中盘胜,W,-2,8,2,-7
140561,李世石,谷歌围棋AlphaGo,白中盘胜,W,-2,2,1,5
145415,金志锡,李世石,白中盘胜,W,0,-2,-1,-17
153199,林立祥,李世石,白不计点胜,W,1,-6,0,11
153979,李世石,姜东润,黑5点胜,B,-6,0,-6,-6
154918,朴永训,李世石,白中盘胜,W,1,2,0,-13
156774,元晟溱,李世石,白中盘胜,W,3,10,0,-9
158981,李世石,元晟溱,黑中盘胜,B,-1,0,0,-6
165438,李世石,古力,白中盘胜,W,-3,2,-6,-17
169001,李世石,朴廷桓,白不计点胜,W,1,1,0,-24
169039,朴廷桓,李世石,白中盘胜,W,1,-1,2,10
169667,朴廷桓,李世石,黑3点胜,B,-1,0,-2,-25
171401,毛睿龙,李世石,黑中盘胜,B,2,1,3,-3
171445,李世石,张维,黑胜1又3/4子,B,1,-7,-8,13
171462,李世石,申旻埈,黑中盘胜,B,-2,-4,-1,-13
171744,安成浚,李世石,白中盘胜,W,1,-1,1,5
172420,李世石,谢赫,黑中盘胜,B,-2,-5,-4,-7
172754,李世石,邱峻,黑中盘胜,B,2,-1,3,28
173675,安国铉,李世石,白中盘胜,W,5,-6,0,-19
173689,朴永训,李世石,白中盘胜,W,0,4,0,-6
176564,金大容,李世石,白中盘胜,W,-1,-2,-15,-7
181676,李世石,姜升旼,白中盘胜,W,-3,-4,-2,-4
181703,李世石,安正已,黑2目半胜,B,-5,-8,-5,0
183220,洪基杓,李世石,白中盘胜,W,-6,0,-6,-11
185361,金庭贤,李世石,黑胜3.5目,B,-1,4,0,-22
186481,余正麒,李世石,白中盘胜,W,-1,-1,0,14
187032,陈耀烨,李世石,白4目半胜,W,2,2,3,-7
190471,李世石,姜东润,黑中盘胜,B,3,6,3,16
191767,元晟溱,李世石,黑中盘胜,B,-1,-6,-3,-16
197437,范蕴若,李世石,黑中盘胜,B,1,-4,-1,-13
197441,阿里贾巴林,李世石,白中盘胜,W,-1,-2,-1,3
197644,李世石,廖行文,黑中盘胜,B,0,3,-1,-15
216796,李世石,崔哲瀚,黑胜2.5目,B,0,9,-1,5
219407,金志锡,李世石,黑中盘胜,B,0,4,3,1
219707,李世石,一力辽,白中盘胜,W,1,3,2,3
223065,金明训,李世石,白中盘胜,W,3,2,4,21
223071,唐韦星,李世石,白中盘胜,W,1,-1,-1,9
223082,李世石,童梦成,黑中盘胜,B,0,3,3,25
224013,李世石,安成浚,白中盘胜,W,3,-5,3,19
225873,李映九,李世石,黑中盘胜,B,1,-10,1,-5
227155,李世石,李志贤,白中盘胜,W,1,3,0,11
230584,柯洁,李世石,黑中盘胜,B,0,-1,-4,-12
230847,李世石,柯洁,黑中盘胜,B,3,1,6,18
231066,李世石,柯洁,白中盘胜,W,-1,-7,-1,10
232670,李世石,曹又尹,黑中盘胜,B,1,7,0,24
233010,李世石,金起用,白中盘胜,W,-2,4,-1,-5
244376,李世石,姜东润,黑中盘胜,B,3,7,3,16
272613,李世石,井山裕太,黑中盘胜,B,1,2,2,17
370834,李世石,周睿羊,白胜1/4子,W,1,0,1,-17
370926,范蕴若,李世石,黑中盘胜,B,1,-4,-1,-3
370966,童梦成,李世石,白中盘胜,W,3,1,1,5
371132,辜梓豪,李世石,黑中盘胜,B,1,-1,-5,-7
371166,李世石,申旻埈,黑中盘胜,B,0,-1,1,8
371346,江维杰,李世石,黑中盘胜,B,3,-7,4,7
371525,李世石,安国铉,黑中盘胜,B,1,3,3,21
371589,连笑,李世石,白胜1/4子,W,3,4,2,-6
371639,朴钟昱,李世石,黑中盘胜,B,1,5,1,0
371687,李世石,崔哲瀚,黑中盘胜,B,0,0,-1,-4
371936,李世石,洪性志,白中盘胜,W,-1,2,-1,9
371967,李世石,朴沧溟,黑中盘胜,B,1,-2,1,11
371987,李世石,尹灿熙,白中盘胜,W,1,-7,1,16
371994,洪旼杓,李世石,白胜5.5目,W,3,7,6,6
372018,安正己,李世石,白中盘胜,W,0,-7,1,-14
372291,李世石,本木克弥,黑中盘胜,B,1,2,6,-4
372315,李钦诚,李世石,黑中盘胜,B,-1,2,-1,-1
372386,崔精,李世石,白中盘胜,W,0,4,-3,-1
372409,申旻埈,李世石,黑中盘胜,B,-2,-1,-3,10
372434,陈耀烨,李世石,白中盘胜,W,0,0,-9,-21
372506,陶欣然,李世石,黑中盘胜,B,0,-1,0,5
372554,李世石,姜儒泽,黑中盘胜,B,5,-3,3,9
372771,李世石,黄昕,白中盘胜,W,0,1,1,9
372811,申旻埈,李世石,白中盘胜,W,-2,1,-2,-9
372953,李世石,韩升周,黑胜7.5目,B,4,4,3,11
373012,李世石,陈梓健,黑中盘胜,B,0,-3,1,24
373028,山下敬吾,李世石,白中盘胜,W,-2,-1,-2,15
373164,井山裕太,李世石,白中盘胜,W,3,7,3,0
373176,李世石,李钦诚,黑中盘胜,B,-2,-4,-10,5
373187,李世石,罗玄,白中盘胜,W,2,2,-1,7
373266,李世石,李泰贤,黑中盘胜,B,-3,-5,-3,1
373449,李世石,柁嘉熹,白中盘胜,W,-2,1,-2,-20
378763,李世石,孙腾宇,黑中盘胜,B,3,-6,-5,11
381128,许映皓,李世石,白中盘胜,W,5,0,5,21
384140,廖元赫,李世石,黑中盘胜,B,-1,2,-2,17
386480,柯洁,李世石,黑胜3/4子,B,7,6,12,35
395248,朴廷桓,李世石,黑中盘胜,B,4,-3,5,34
429123,李世石,连笑,黑中盘胜,B,1,1,1,2
432864,李世石,柯洁,黑胜1.5目,B,3,1,13,16
433849,李世石,元晟溱,黑胜7.5目,B,3,-5,7,21
445490,李世石,金明训,白中盘胜,W,4,0,2,-2
450736,朴常镇,李世石,白中盘胜,W,3,3,4,17
452569,李世石,李元荣,黑中盘胜,B,4,1,4,9
458636,李世石,崔宰荣,白中盘胜,W,0,-4,-3,-5
466313,李世石,宋泰坤,黑中盘胜,B,4,10,5,20
466851,卞相壹,李世石,白中盘胜,W,-2,1,-5,-14
467464,罗玄,李世石,白中盘胜,W,-3,0,-2,-7
471651,偰玹准,李世石,白中盘胜,W,2,-4,3,-9
475830,李元荣,李世石,白中盘胜,W,0,4,0,23
479280,李世石,李映九,白中盘胜,W,1,3,2,20
480549,李世石,金显灿,黑中盘胜,B,1,-2,-2,3
481238,李世石,金明训,白胜1.5目,W,1,-7,0,4
482066,李世石,韩态熙,黑中盘胜,B,1,4,0,14
485395,李世石,金彩瑛,黑中盘胜,B,-2,0,0,7
486709,本木克弥,李世石,黑胜1又3/4子,B,2,4,2,11
493016,李世石,芈昱廷,黑中盘胜,B,-4,0,-2,-16
494338,连笑,李世石,黑中盘胜,B,2,5,0,7
498557,李世石,许映皓,黑中盘胜,B,0,-1,1,14
504611,李世石,柯洁,白中盘胜,W,0,1,-3,-44
517255,李世石,金明训,黑胜4.5目,B,1,7,2,20
524008,尹峻相,李世石,白中盘胜,W,0,-2,-1,12
529922,李世石,申旻埈,白中盘胜,W,-1,-1,-4,-4
530795,姜东润,李世石,黑中盘胜,B,2,-4,0,19
535668,范廷钰,李世石,黑中盘胜,B,-1,-10,-1,21
541662,李世石,申真谞,白中盘胜,W,1,5,1,8
541687,申真谞,李世石,白中盘胜,W,-1,-1,2,15
542595,李世石,申真谞,白中盘胜,W,3,-3,1,-5
543498,申真谞,李世石,白中盘胜,W,7,7,8,-7
544368,李世石,申真谞,白中盘胜,W,5,7,5,22
547640,柯洁,李世石,白中盘胜,W,-3,-1,-3,15
554863,李世石,江维杰,白中盘胜,W,-2,-1,-2,-17
573157,崔哲瀚,李世石,黑中盘胜,B,1,-1,-1,-3
579647,李世石,朴河旼,白中盘胜,W,0,6,-1,-17
582503,李世石,罗玄,黑中盘胜,B,3,-2,4,23
583401,李世石,金志锡,白中盘胜,W,0,1,1,13
602168,李世石,古力,黑胜2又3/4子,B,-4,-3,-1,-10
605587,李世石,文儒彬,黑中盘胜,B,1,0,0,-1
606789,李世石,白洪淅,黑中盘胜,B,-6,2,-8,-4
609196,李世石,宋知勋,白中盘胜,W,2,-4,3,19
617033,李世石,范胤,白超时胜,W,-7,1,-6,12
624770,偰玹准,李世石,黑中盘胜,B,-1,-1,1,13
628830,廖元赫,李世石,黑中盘胜,B,1,1,-4,-5
634337,李世石,申真谞,白中盘胜,W,-2,-1,0,-4
640833,张涛,李世石,白中盘胜,W,-2,2,-3,-9
642129,尹灿熙,李世石,黑中盘胜,B,1,-5,-1,-34
647366,李世石,李映九,黑中盘胜,B,-1,1,-4,-6
648515,崔哲瀚,李世石,黑中盘胜,B,-2,-4,-2,-6
650926,申旻埈,李世石,黑胜0.5目,B,1,5,2,7
663920,金志锡,李世石,白中盘胜,W,-4,0,-4,-6
666736,时越,李世石,白中盘胜,W,0,5,-2,-6
667677,陶欣然,李世石,黑中盘胜,B,-1,0,-1,6
674022,时越,李世石,黑中盘胜,B,3,4,2,2
678986,洪性志,李世石,白胜4.5目,W,3,1,1,22
683305,李世石,赵寅善,黑中盘胜,B,-1,-2,0,19
691916,丁浩,李世石,黑中盘胜,B,-1,0,1,19
692846,李昌锡,李世石,黑胜0.5目,B,0,-2,-1,2
699799,申真谞,李世石,黑中盘胜,B,5,3,3,6
703199,范蕴若,李世石,黑中盘胜,B,3,2,6,11
729104,李世石,陈耀烨,黑胜1又3/4子,B,-4,-4,-4,-26
738612,古力,李世石,黑中盘胜,B,0,6,-5,-24
775752,李世石,范廷钰,白中盘胜,W,2,8,2,24
816314,辜梓豪,李世石,黑中盘胜,B,2,1,1,-12
871410,温昭珍,李世石,白胜8.5目,W,4,2,3,17
871415,徐仲辉,李世石,白中盘胜,W,-2,-4,-4,1
875148,李世石,洪基杓,黑中盘胜,B,3,-2,4,16
875154,李世石,申旻埈,白中盘胜,W,-1,3,-4,-7
885530,朴正祥,李世石,黑中盘胜,B,-1,-9,-1,26
1012521,李世石,柯洁,白中盘胜,W,-8,-12,-7,-11
1027092,朴常镇,李世石,白中盘胜,W,-1,0,0,-4
1029541,李世石,李东勋,白中盘胜,W,-2,-9,-11,-19
1031732,李世石,朴常镇,黑中盘胜,B,1,-6,1,-11
1033967,睦镇硕,李世石,白中盘胜,W,0,-1,0,2
1114641,李昊承,李世石,黑中盘胜,B,1,0,0,-5
1231771,姜东润,李世石,白中盘胜,W,5,1,4,6
1975189,李世石,韩豆,白棋中盘胜,W,6,13,4,-15
1975193,李世石,韩豆,白棋中盘胜,W,1,-1,1,13
1975236,李世石,韩豆,黑棋中盘胜,B,0,4,0,-4
1268998,时越,柯洁,黑中盘胜,B,-1,0,0,22
1289860,柯洁,芈昱廷,黑中盘胜,B,3,5,1,-15
1320806,杨鼎新,柯洁,白棋不计点胜,W,3,2,5,6
1337024,柯洁,党毅飞,黑中盘胜,B,-1,6,-1,5
1431128,朴廷桓,柯洁,白棋中盘胜,W,1,0,1,15
1444260,党毅飞,柯洁,白胜2又1/4子,W,4,-3,2,-2
1467420,范廷钰,柯洁,黑棋中盘胜,B,1,-3,0,-16
1478464,李维清,柯洁,白棋中盘胜,W,1,-5,6,10
1564490,柯洁,丁浩,白胜1/4子,W,1,0,1,13
1584772,柯洁,李映九,黑中盘胜,B,1,3,0,1
1586221,陶欣然,柯洁,B+R,B,4,2,3,35
1693205,柯洁,邬光亚,黑棋中盘胜,B,-4,3,-3,-11
1698347,时越,柯洁,白棋中盘胜,W,1,-2,2,2
1705158,朴廷桓,柯洁,白棋中盘胜,W,0,-2,0,5
1734276,周睿羊,柯洁,白棋中盘胜,W,-6,-8,-10,-32
1748596,陈耀烨,柯洁,白胜5.5目,W,1,-4,1,11
1754702,申真谞,柯洁,黑中盘胜,B,0,4,-3,7
1784520,范廷钰,柯洁,黑中盘胜,B,-3,-5,-3,-9
1784532,柯洁,廖元赫,黑中盘胜,B,1,8,2,16
1788370,张强,柯洁,白中盘胜,W,-4,-4,-9,5
1788384,柯洁,陈一纯,黑中盘胜,B,-1,-1,-1,-9
1791060,柁嘉熹,柯洁,黑中盘胜,B,1,1,4,10
1791062,李轩豪,柯洁,白中盘胜,W,1,6,7,10
1975138,芈昱廷,柯洁,黑中盘胜,B,-2,3,1,-21
1975173,李成森,柯洁,白中盘胜,W,-5,-1,-5,-18
1975210,柯洁,陈昱森,黑胜3又3/4子,B,-1,3,0,13
1975219,柯洁,赵晨宇,黑棋中盘胜,B,0,-4,-1,-10
1975230,柯洁,柁嘉熹,黑中盘胜,B,2,10,1,-3
1975297,丁浩,柯洁,黑棋3.5目胜,B,-1,2,-5,-22
1975340,柯洁,时越,黑中盘胜,B,0,-2,-2,4
1975353,赵晨宇,柯洁,黑棋中盘胜,B,2,3,-6,-14
1975381,柯洁,陈贤,黑中盘胜,B,2,3,1,2
1999885,谢尔豪,柯洁,白中盘胜,W,0,-2,0,0
1999942,周睿羊,柯洁,白中盘胜,W,1,-2,0,-8
2000014,柯洁,周睿羊,黑胜1点,B,2,6,2,32
2000041,柯洁,张紫良,黑中盘胜,B,-1,-4,-1,9
2030130,柯洁,朴廷桓,白胜1/4子,W,2,8,2,-15
2033041,芝野虎丸,柯洁,白中盘胜,W,-2,0,1,0
2035558,朴廷桓,柯洁,黑中盘胜,B,0,1,0,7
2151408,时越,柯洁,白棋中盘胜,W,6,-2,5,10
2151412,丁浩,柯洁,黑棋中盘胜,B,2,-4,3,20
2167901,柁嘉熹,柯洁,白棋中盘胜,W,0,-3,0,4
2182116,柯洁,谢科,黑棋中盘胜,B,1,1,-1,16
2278596,王世一,柯洁,白棋中盘胜,W,-1,-3,-3,6
2306478,柯洁,丁浩,白棋中盘胜,W,-2,1,-1,-8
2313256,李喆,柯洁,白棋中盘胜,W,1,5,3,20
2395661,谢尔豪,柯洁,白棋中盘胜,W,-1,1,0,8
2395694,柯洁,童梦成,黑棋中盘胜,B,1,-4,12,39
3231105,柯洁,朴键昊,黑棋中盘胜,B,6,-1,6,34
3231113,申真谞,柯洁,白棋中盘胜,W,0,3,-4,4
3231116,芈昱廷,柯洁,白中盘胜,W,-4,-7,-6,-26
3231196,姜东润,柯洁,白棋中盘胜,W,4,-1,5,26
3231223,柯洁,成家业,黑棋中盘胜,B,1,-3,-1,22
3231234,李维清,柯洁,白棋中盘胜,W,0,-2,-2,-10
3231254,柯洁,金志锡,黑棋中盘胜,B,-1,2,-2,7
3231264,伊凌涛,柯洁,白棋中盘胜,W,1,-3,1,-23
3231274,柯洁,朴廷桓,黑棋中盘胜,B,-1,2,-1,7
3231283,蔡竞,柯洁,白棋中盘胜,W,-1,2,-1,-31
3231293,柯洁,唐韦星,白棋1/4子胜,W,3,1,1,25
3231313,黄昕,柯洁,白棋中盘胜,W,1,0,0,-14
3241549,柯洁,党毅飞,黑棋不计点胜,B,-1,2,-3,-10
3241557,柯洁,江维杰,黑棋不计点胜,B,0,5,1,15
3263459,谢科,柯洁,黑棋3点胜,B,-1,3,-1,-7
3301571,柯洁,范胤,黑棋中盘胜,B,-1,-2,-3,-13
3301586,陈贤,柯洁,白棋中盘胜,W,-2,3,-2,-20
3301590,柯洁,柁嘉熹,黑棋中盘胜,B,2,1,1,-20
3301592,辜梓豪,柯洁,黑棋中盘胜,B,2,3,2,-18
3350649,柯洁,芈昱廷,黑棋中盘胜,B,2,0,5,3
3362241,柯洁,范廷钰,黑棋中盘胜,B,-2,4,-3,-10
3362242,唐韦星,柯洁,白棋中盘胜,W,0,-3,0,-1
3415499,李东勋,柯洁,白棋中盘胜,W,-3,-2,-1,-4
3415503,赵汉乘,柯洁,白棋中盘胜,W,5,1,5,6
3422417,柯洁,李轩豪,黑棋中盘胜,B,-1,-2,-3,-11
3433463,杨鼎新,柯洁,白棋中盘胜,W,1,4,0,4
3433464,申真谞,柯洁,白棋中盘胜,W,-1,0,1,12
3436275,柯洁,申真谞,黑棋0.5目胜,B,-5,5,-4,5
3458117,元晟溱,柯洁,白棋中盘胜,W,3,6,1,2
3471132,卞相壹,柯洁,白棋中盘胜,W,0,-4,1,-15
3483081,柯洁,柁嘉熹,黑棋中盘胜,B,0,0,-1,5
3717746,柯洁,陶欣然,白棋中盘胜,W,1,4,2,25
3717836,柯洁,丁浩,白棋1/4子胜,W,-2,6,-1,-6
3717852,辜梓豪,柯洁,白棋中盘胜,W,5,6,7,30
3717868,柯洁,戎毅,黑棋中盘胜,B,-2,1,0,-23
3717877,柯洁,陶欣然,白棋中盘胜,W,-7,-1,-6,-20
3717894,曹潇阳,柯洁,白棋中盘胜,W,2,-1,2,20
3717905,罗玄,柯洁,白棋中盘胜,W,-2,-3,1,5
3717961,范廷钰,柯洁,黑棋中盘胜,B,-4,2,-4,-2
3753991,柯洁,许皓鋐,黑棋中盘胜,B,2,-2,0,4
3753993,柯洁,唐韦星,白棋中盘胜,W,1,1,0,-26
3825839,申旻埈,柯洁,白棋中盘胜,W,0,-5,1,7
3825840,柯洁,申旻埈,白棋中盘胜,W,-5,-2,-8,-47
3847650,柯洁,申旻埈,白棋3.5目胜,W,0,-3,2,16
3919406,申真谞,柯洁,黑棋中盘胜,B,-2,-1,-4,-8
4099918,柯洁,李钦诚,白棋中盘胜,W,-4,-4,-4,0
4142018,柯洁,陈浩,黑棋中盘胜,B,1,0,-1,-9
4142022,柯洁,刘宇航,黑棋中盘胜,B,5,6,6,39
4142025,芈昱廷,柯洁,黑棋3/4子胜,B,-1,-5,-9,-6
4177123,丁浩,柯洁,白棋中盘胜,W,-2,4,-4,-46
4191405,柯洁,朴廷桓,白棋中盘胜,W,-4,7,-4,-6
4194603,柯洁,杨鼎新,白棋中盘胜,W,0,-5,1,24
4287690,柯洁,柁嘉熹,黑棋中盘胜,B,-3,1,-6,1
4290808,童梦成,柯洁,白棋中盘胜,W,1,0,2,-16
4296781,柯洁,江维杰,白棋中盘胜,W,1,-7,2,36
4303990,郭信驿,柯洁,白棋5又1/4子胜,W,-4,-4,-7,-37
4377271,柯洁,时越,黑棋中盘胜,B,-1,4,4,-1
4384999,时越,柯洁,白棋中盘胜,W,-3,-2,-1,10
4742038,柯洁,陶欣然,黑棋中盘胜,B,-7,5,-7,-3
4742055,谢尔豪,柯洁,白棋1/4子胜,W,1,-2,-6,15
4745650,柯洁,李维清,黑棋中盘胜,B,-2,6,-3,-13
4802698,芈昱廷,柯洁,黑棋中盘胜,B,0,0,0,-2
4831569,柯洁,金志锡,白棋0.5目胜,W,1,1,2,20
4905941,朴廷桓,柯洁,白棋中盘胜,W,2,0,3,-10
4917492,柯洁,申真谞,白棋3.5目胜,W,0,9,0,4
4943970,柯洁,江维杰,黑棋中盘胜,B,-1,-3,1,-4
4947880,柯洁,谢尔豪,黑棋2.5目胜,B,-1,-2,-1,-17
4955828,张涛,柯洁,白棋中盘胜,W,-1,-4,-2,-14
4968781,彭立尧,柯洁,白棋中盘胜,W,-1,1,-4,2
4972525,柯洁,赵晨宇,白棋中盘胜,W,-3,-3,-2,5
5013797,连笑,柯洁,白棋中盘胜,W,-1,3,-6,4
5047403,柯洁,陶欣然,黑棋中盘胜,B,-1,-4,-1,29
5053001,范胤,柯洁,白棋中盘胜,W,2,-2,2,6
5058677,柯洁,丁浩,白棋中盘胜,W,-1,4,-1,5
5121348,柯洁,陈耀烨,白棋中盘胜,W,0,1,1,-2
5224792,芈昱廷,柯洁,白棋中盘胜,W,-1,4,-3,-26
5247688,辜梓豪,柯洁,白棋1/4子胜,W,-2,1,-2,-11
5398244,柯洁,伊凌涛,黑棋中盘胜,B,-5,6,-9,-22
5398248,柯洁,李维清,黑棋1又3/4子胜,B,1,-5,2,7
5431045,柯洁,申真谞,白棋中盘胜,W,-2,-6,-1,-1
5440157,柯洁,范廷钰,黑棋中盘胜,B,-1,0,-1,1
5443950,谢科,柯洁,白棋中盘胜,W,0,7,0,-12
5447722,柯洁,芈昱廷,白棋中盘胜,W,-1,-1,-2,16
5556200,金明训,柯洁,白棋中盘胜,W,5,4,5,17
5683040,杨鼎新,柯洁,黑棋3/4子胜,B,2,1,2,-8
5683042,连笑,柯洁,白棋中盘胜,W,-1,-3,-1,12
5705765,范廷钰,柯洁,白棋中盘胜,W,1,1,0,-1
5725705,柯洁,廖元赫,白棋中盘胜,W,-1,4,0,1
5907801,柯洁,申旻埈,黑棋中盘胜,B,1,8,0,2
5997027,唐韦星,柯洁,白棋中盘胜,W,0,3,2,23
5997028,杨鼎新,柯洁,白棋中盘胜,W,3,-2,1,18
6005732,李轩豪,柯洁,白棋中盘胜,W,2,-1,2,-5
6005736,古力,柯洁,白棋中盘胜,W,1,3,-1,23
6111332,丁浩,柯洁,白棋中盘胜,W,3,-1,4,16
6242011,党毅飞,柯洁,黑棋中盘胜,B,3,-1,4,-3
6247780,柯洁,申旻埈,白棋中盘胜,W,1,6,1,-4
6253629,韩一洲,柯洁,白棋中盘胜,W,1,-3,2,7
6259548,王泽宇,柯洁,白棋中盘胜,W,2,-4,2,12
6271754,柯洁,王泽锦,黑棋中盘胜,B,2,6,2,9
6277850,陈耀烨,柯洁,黑棋中盘胜,B,1,-3,0,9
6284550,柯洁,许嘉阳,黑棋中盘胜,B,0,-3,-1,9
6290806,丁浩,柯洁,黑棋中盘胜,B,1,-2,3,12
6383888,柯洁,申真谞,白棋中盘胜,W,-3,3,-3,-15
6423320,陈豪鑫,柯洁,白棋中盘胜,W,-1,-6,-2,-2
6494877,柯洁,芈昱廷,黑棋中盘胜,B,1,6,1,13
6494912,陈贤,柯洁,黑棋中盘胜,B,4,7,2,1
6494924,范胤,柯洁,白棋中盘胜,W,0,3,0,-10
6522465,柯洁,王星昊,白棋中盘胜,W,-4,3,-7,-28
6643009,柯洁,廖元赫,黑棋中盘胜,B,-1,-2,-2,8
6643013,柯洁,伊凌涛,黑棋3又3/4子胜,B,-1,6,-1,-1
6643023,童梦成,柯洁,黑棋中盘胜,B,-1,0,-1,-14
6734890,柯洁,朴廷桓,白棋中盘胜,W,1,2,2,1
6816154,姜东润,柯洁,黑棋中盘胜,B,1,1,2,20
7077364,申真谞,柯洁,黑棋中盘胜,B,1,3,0,15
7329728,柁嘉熹,柯洁,白棋中盘胜,W,1,-2,1,14
7371249,韩一洲,柯洁,白棋中盘胜,W,1,-10,2,-28
7380012,范廷钰,柯洁,白棋中盘胜,W,1,0,0,-16
7380034,柯洁,陈贤,黑棋3/4子胜,B,-2,1,0,-10
7384228,柯洁,芈昱廷,白棋1又1/4子胜,W,5,0,-5,20
7414512,柯洁,许嘉阳,黑棋中盘胜,B,1,-3,1,23
7414523,柯洁,檀啸,黑棋中盘胜,B,1,2,2,4
7414527,柯洁,朴廷桓,白棋0.5目胜,W,-2,2,-4,-9
7475474,柯洁,刘宇航,黑棋中盘胜,B,1,10,-1,3
8147820,时越,柯洁,白棋中盘胜,W,1,0,3,20
8630612,芝野虎丸,柯洁,白棋中盘胜,W,1,-1,-2,-6
8635264,许皓鋐,柯洁,黑棋3/4子胜,B,0,-4,0,3
8635267,一力辽,柯洁,白棋中盘胜,W,3,-2,5,45
8656238,柯洁,许家元,黑棋中盘胜,B,-3,2,-2,23
198,赵治勋,结城聪,W+9.5,W,-3,-6,-3,-10
273,小松英树,赵治勋,W+3.5,W,-2,-3,-1,-48
519,玉井伸,赵治勋,W+R,W,-1,-2,-3,-38
668,赵治勋,苏耀国,W+1.5,W,-2,-5,-2,-10
706,赵治勋,田尻悠人,B+R,B,6,1,6,26
787,依田纪基,赵治勋,B+R,B,0,-1,0,7
968,安达利昌,赵治勋,W+R,W,0,-4,3,-2
57047,金成进,赵治勋,B+R,B,-3,7,-3,-18
57205,小林觉,赵治勋,W+R,W,-2,-4,-3,30
58776,坂井秀至,赵治勋,W+R,W,-2,-5,-1,16
58855,张栩,赵治勋,B+4.5,B,0,8,37,1
58909,羽根直树,赵治勋,B+R,B,0,-3,0,-21
58949,古谷裕,赵治勋,W+4.5,W,-1,-1,0,-3
59009,久保秀夫,赵治勋,W+R,W,0,-1,-2,8
59033,内田修平,赵治勋,W+R,W,-1,-1,-1,-16
59338,片冈聪,赵治勋,W+R,W,-1,-7,11,11
59359,赵治勋,羽根直树,W+R,W,-3,-4,-4,7
59907,赵治勋,鹤山淳志,W+1.5,W,1,3,1,33
59948,赵治勋,依田纪基,B+3.5,B,2,6,-4,-16
60999,小林光一,赵治勋,W+1.5,W,0,-4,1,1
61086,山下敬吾,赵治勋,W+8.5,W,4,0,11,26
61097,赵治勋,邱峻,W+R,W,0,0,1,1
61255,赵治勋,神田英,B+R,B,2,-2,0,15
61497,山城宏,赵治勋,W+R,W,-1,-5,-1,-9
61545,山下敬吾,赵治勋,W+R,W,2,2,3,29
61957,赵治勋,井山裕太,W+4.5,W,1,2,3,-6
62007,赵治勋,坂井秀至,B+8.5,B,0,12,0,-14
62111,赵治勋,今村善彰,B+4.5,B,0,-9,-2,19
62208,井山裕太,赵治勋,W+3.5,W,-1,4,0,1
62226,张栩,赵治勋,B+7.5,B,0,-1,1,24
62335,高尾绅路,赵治勋,W+7.5,W,-1,0,0,19
62404,张栩,赵治勋,W+4.5,W,-2,2,-2,-4
62475,安斋伸彰,赵治勋,W+R,W,0,-5,0,7
62617,赵治勋,安藤和繁,B+R,B,2,5,1,-3
62712,高尾绅路,赵治勋,B+R,B,2,1,1,32
62819,井山裕太,赵治勋,B+R,B,0,-1,1,10
62887,陈耀烨,赵治勋,黑胜2又3/4子,B,0,-5,-7,8
62968,山城宏,赵治勋,W+0.5,W,4,0,5,59
63038,赵治勋,山城宏,B+3.5,B,0,3,11,30
63169,赵治勋,加藤充志,W+1.5,W,-2,4,-3,-10
63385,赵治勋,林海峰,B+19.5,B,3,-2,4,5
63504,赵治勋,结城聪,W+R,W,1,-4,1,-6
63791,刘星,赵治勋,白不计点胜,W,-5,-4,-6,-18
63829,赵治勋,朴廷桓,白不计点胜,W,0,0,1,-7
64012,王垚,赵治勋,B+R,B,-3,-6,-1,-3
64028,赵治勋,白洪淅,W+R,W,-6,0,-6,-17
64049,赵治勋,单子腾,黑胜3/4子,B,-1,-12,-11,13
64126,曹潇阳,赵治勋,B+R,B,2,-3,5,12
64144,张维,赵治勋,B+R,B,2,8,2,19
64163,赵治勋,张亚博,W+R,W,0,4,1,-6
64212,赵治勋,甘思阳,白超时胜,W,-2,-5,-2,-19
64279,坂口隆三,赵治勋,W+R,W,-2,-4,-4,9
64558,赵治勋,工藤纪夫,B+4.5,B,-5,-1,-4,2
64673,赵治勋,星野正树,B+12.5,B,-1,0,-2,-8
64985,赵治勋,内田修平,B+R,B,0,1,-1,19
65068,麦克雷蒙,赵治勋,W+R,W,-1,-2,3,25
65112,赵治勋,王铭琬,W+3.5,W,0,1,0,-14
65607,赵治勋,村川大介,W+4.5,W,1,-1,1,26
65736,赵治勋,王铭琬,W+10.5,W,-1,6,1,-18
66033,河野临,赵治勋,W+R,W,0,1,0,-3
66275,张维,赵治勋,B+R,B,2,8,2,19
66338,赵治勋,白洪淅,W+R,W,-6,0,-6,-17
66550,赵治勋,大场惇也,B+R,B,1,2,-1,17
66726,山田晋次,赵治勋,W+R,W,-2,-8,-4,-13
67150,伊田笃史,赵治勋,B+1.5,B,1,-6,-6,8
67511,赵治勋,村松大树,B+R,B,0,-8,-1,-16
67931,赵治勋,一力辽,W+R,W,2,1,1,20
68029,赵治勋,田尻悠人,B+1.5,B,-2,4,-1,-9
68213,高尾绅路,赵治勋,W+0.5,W,3,1,1,-11
68266,苏耀国,赵治勋,W+7.5,W,0,-2,-2,-5
68349,奥田彩,赵治勋,W+R,W,2,0,3,-9
68450,赵治勋,沟上知亲,W+R,W,1,-6,1,6
68532,安达利昌,赵治勋,W+1.5,W,-4,7,-5,6
69562,有村比吕司,赵治勋,W+R,W,0,-2,5,9
69657,赵治勋,羽根直树,W+R,W,3,-7,2,11
70328,村川大介,赵治勋,W+R,W,-1,1,-1,0
70575,堀本满成,赵治勋,B+R,B,3,4,3,-27
70691,山下敬吾,赵治勋,B+4.5,B,-2,1,-2,10
71179,高尾绅路,赵治勋,B+R,B,0,-3,0,11
71704,赵治勋,久保秀夫,B+R,B,4,2,4,21
72551,赵治勋,柳时熏,B+R,B,1,2,2,35
74257,赵治勋,安斋伸彰,W+R,W,0,4,-1,-3
74840,林汉杰,赵治勋,B+R,B,-1,1,0,7
76172,金泽真,赵治勋,W+R,W,0,-1,-1,-5
76179,片冈聪,赵治勋,W+1.5,W,3,0,4,22
76443,石田芳夫,赵治勋,W+1.5,W,-2,3,-1,-4
77299,赵治勋,石井邦生,黑中盘胜,B,0,-1,-2,19
77509,赵治勋,小林觉,黑6目半胜,B,5,8,4,-8
77767,梅泽由香里,赵治勋,白中盘胜,W,0,-4,1,-11
90630,赵治勋,李沂修,黑棋中盘胜！,B,0,1,41,-13
97197,赵治勋,小松英树,黑中盘胜,B,0,-2,0,-7
97275,张豊猷,赵治勋,黑中盘胜,B,0,0,1,-14
100057,赵治勋,首藤瞬,白中盘胜,W,0,1,3,49
103187,小林觉,赵治勋,白中盘胜,W,0,-7,2,22
103219,赵治勋,张  栩,白1目半胜,W,-3,-5,-4,-21
103453,林汉杰,赵治勋,黑中盘胜,B,-2,6,-2,4
104254,赵治勋,曹薰铉,白时间胜,W,0,3,1,-4
109590,赵治勋,一力辽,黑两目半胜,B,2,11,8,-10
113743,井山裕太,赵治勋,黑中盘胜,B,4,7,3,20
130571,常  昊,赵治勋,黑中盘胜,B,1,1,2,-15
132077,赵治勋,曹薰铉,黑中盘胜,B,0,-4,-2,-10
132080,赵治勋,徐奉洙,白2目半胜,W,2,-2,-2,-14
135425,刘昌赫,赵治勋,黑时间胜,B,1,-1,2,19
136488,赵治勋,张豊猷,白中盘胜,W,2,0,5,12
141735,余正麒,赵治勋,白中盘胜,W,-2,-5,-2,3
141744,赵治勋,许家元,黑中盘胜,B,0,-2,-2,-15
146024,王立诚,赵治勋,白中盘胜,W,-1,6,3,10
152785,鹤山淳志,赵治勋,白中盘胜,W,5,9,4,7
159639,本木克弥,赵治勋,白半目胜,W,-5,0,-2,9
171390,沟上知亲,赵治勋,白中盘胜,W,-3,6,1,-22
175560,山田晋次,赵治勋,白中盘胜,W,-5,4,-2,-12
177863,赵治勋,伊田笃史,黑中盘胜,B,1,0,-7,-8
179315,赵治勋,星野正树,黑中盘胜,B,0,2,0,19
184323,赵治勋,王铭琬,白中盘胜,W,-14,1,-17,-23
190487,赵治勋,伊田笃史,白中盘胜,W,-2,1,-2,-4
190496,井山裕太,赵治勋,黑中盘胜,B,0,-7,0,10
191755,许家元,赵治勋,白中盘胜,W,1,2,2,9
197232,赵治勋,申真谞,白中盘胜,W,0,6,0,-4
197452,赵治勋,俞斌,白中盘胜,W,2,0,6,19
216777,赵治勋,沟上知亲,黑胜5.5目,B,0,-3,-1,0
217431,赵治勋,结城聪,白中盘胜,W,3,0,3,19
219359,赵治勋,山森忠直,黑中盘胜,B,1,1,1,22
220578,赵治勋,安达利昌,白中盘胜,W,-2,2,11,-10
223449,赵治勋,河野临,白胜0.5目,W,0,-9,-8,-10
225877,赵治勋,桥本雄二郎,黑中盘胜,B,0,1,-1,0
226843,一力辽,赵治勋,黑中盘胜,B,0,1,0,25
236873,赵治勋,ZEN,黑中盘胜,B,0,-7,0,-43
236879,DeepZenGo,赵治勋,黑中盘胜,B,0,-5,0,7
237431,赵治勋,DeepZenG,黑中盘胜,B,0,3,-1,-19
259192,赵治勋,金泽秀男,白胜5.5目,W,0,-2,-2,19
271576,大西龙平,赵治勋,白中盘胜,W,-2,1,-1,-23
273391,赵治勋,依田纪基,黑中盘胜,B,3,-2,5,18
275636,羽根泰正,赵治勋,白中盘胜,W,-1,-5,-1,-12
284524,赵治勋,苏耀国,白中盘胜,W,0,-1,7,-8
296515,羽根直树,赵治勋,白中盘胜,W,0,-3,-3,-7
296524,苏耀国,赵治勋,黑胜4.5目,B,-6,1,-4,0
370843,片冈聪,赵治勋,白中盘胜,W,1,0,2,5
370935,赵治勋,星野正树,黑胜10.5目,B,0,-6,0,-12
371049,高尾绅路,赵治勋,黑中盘胜,B,-4,-7,0,-9
371284,赵治勋,结城聪,黑中盘胜,B,-2,-2,3,3
371518,赵治勋,苑田勇一,黑胜0.5目,B,3,3,0,-12
371708,赵治勋,柳时熏,黑中盘胜,B,3,6,4,-10
371796,赵治勋,王立诚,黑中盘胜,B,0,0,4,16
372111,赵治勋,许家元,白中盘胜,W,1,-3,3,6
372225,小林觉,赵治勋,黑胜0.5目,B,0,-4,-6,-7
372297,金秀俊,赵治勋,白胜1.5目,W,-1,6,-1,-15
372304,赵治勋,安官旭,黑中盘胜,B,2,5,3,28
372412,赵治勋,金东烨,黑胜4.5目,B,0,1,1,-8
372467,酒井真树,赵治勋,白胜3.5目,W,3,4,10,5
372642,林子渊,赵治勋,白中盘胜,W,0,-2,0,5
372707,郑大相,赵治勋,白中盘胜,W,3,4,8,0
372757,山城宏,赵治勋,白中盘胜,W,-4,0,-10,-5
372846,沼馆沙辉哉,赵治勋,白中盘胜,W,1,0,-1,15
373254,汤川光久,赵治勋,白中盘胜,W,1,0,3,-19
373465,赵治勋,黄元俊,黑中盘胜,B,2,5,2,-2
373856,赵治勋,堀本满成,黑中盘胜,B,0,1,1,20
378734,吴圭喆,赵治勋,白胜5.5目,W,-3,-5,-1,12
381103,赵治勋,芝野虎丸,白胜6.5目,W,0,2,-1,2
382157,赵治勋,许壮会,黑中盘胜,B,-3,3,-3,-15
466315,金惠敏,赵治勋,白中盘胜,W,-1,-2,-2,-3
494298,李玟真,赵治勋,白胜15.5目,W,1,0,1,-1
498556,王铭琬,赵治勋,白中盘胜,W,-3,-2,-5,-9
504610,DeepZenGo,赵治勋,黑中盘胜,B,1,1,0,15
507093,徐能旭,赵治勋,白胜5.5目,W,2,-3,0,-20
517235,赵治勋,余正麒,白中盘胜,W,0,1,2,13
521248,赵惠连,赵治勋,白中盘胜,W,0,0,0,4
529924,工藤纪夫,赵治勋,白中盘胜,W,-5,-4,-1,-4
536676,赵治勋,苏耀国,白中盘胜,W,3,-1,1,3
557701,赵治勋,志田达哉,黑中盘胜,B,1,1,0,-13
564092,赵治勋,王铭琬,黑胜2.5目,B,1,-2,0,7
592148,赵治勋,片冈聪,白中盘胜,W,-2,-4,-2,-15
614451,黄翊祖,赵治勋,白中盘胜,W,-2,6,-1,-7
650913,赵治勋,小林觉,黑中盘胜,B,-1,2,-2,4
667666,村川大介,赵治勋,黑中盘胜,B,0,-1,-2,-17
732137,赵治勋,芝野虎丸,白中盘胜,W,1,5,7,13
1071350,山田规三生,赵治勋,黑中盘胜,B,4,-4,2,-1
1179568,赵治勋,工藤纪夫,黑中盘胜,B,0,1,0,-28
1197409,赵治勋,黄翊祖,黑中盘胜,B,2,4,-1,14
195647,罗钟勋,崔精,白中盘胜,W,2,-2,1,7
197008,崔精,罗玄,白中盘胜,W,0,7,6,24
197225,金灿佑,崔精,白中盘胜,W,2,1,1,-7
218046,金彩瑛,崔精,白中盘胜,W,0,-1,3,14
223088,金东昊,崔精,白中盘胜,W,-1,2,0,10
223462,崔精,韩态熙,白中盘胜,W,-1,3,-2,-12
225910,尹峻相,崔精,白胜7.5目,W,-3,0,-6,-8
227148,崔精,睦镇硕,白中盘胜,W,8,1,9,16
230542,崔精,吴侑珍,白中盘胜,W,-3,6,-3,-20
235127,李赫,崔精,黑中盘胜,B,0,0,1,0
254424,申真谞,崔精,黑中盘胜,B,0,12,-1,-13
272357,崔精,朴志娟,黑中盘胜,B,1,0,1,6
274237,吴侑珍,崔精,白中盘胜,W,1,2,1,1
274865,崔精,金惠敏,黑中盘胜,B,-1,3,-2,0
275644,朴志恩,崔精,白中盘胜,W,1,-3,1,-8
280485,崔精,张兮领,黑中盘胜,B,1,3,0,-16
281182,李玟真,崔精,白中盘胜,W,-2,6,-5,-7
283845,张强,崔精,黑中盘胜,B,2,-6,2,8
286282,姜多情,崔精,白中盘胜,W,4,0,2,-8
290701,崔宰荣,崔精,白中盘胜,W,1,0,-3,-21
290720,曹又尹,崔精,黑中盘胜,B,0,2,-3,-6
291666,朴泰姬,崔精,白中盘胜,W,0,-1,1,5
292463,崔精,金惠敏,黑胜1.5目,B,6,-5,29,12
370858,崔精,张兮领,黑中盘胜,B,3,-5,3,27
370946,崔精,李瑟娥,黑胜3.5目,B,0,-2,0,5
371032,黑嘉嘉,崔精,白中盘胜,W,2,0,3,-21
371056,崔精,藤泽里菜,黑胜3/4子,B,1,-1,1,17
371068,於之莹,崔精,白中盘胜,W,0,5,0,-10
371110,崔精,曹又尹,黑中盘胜,B,-4,-5,-4,-13
371150,李瑟娥,崔精,白中盘胜,W,4,7,4,27
371200,金明训,崔精,黑中盘胜,B,0,-4,-4,-2
371205,崔精,李玟真,黑中盘胜,B,0,1,1,-15
371228,金多瑛,崔精,白中盘胜,W,0,6,0,-6
371351,伊田笃史,崔精,黑中盘胜,B,-1,3,-5,11
371777,陈一鸣,崔精,白中盘胜,W,-1,-2,1,10
371816,李赫,崔精,黑中盘胜,B,0,-9,-1,-4
371956,崔精,李志贤,白中盘胜,W,-2,-3,-2,-6
372076,崔精,金起用,黑中盘胜,B,-3,4,-4,11
372820,崔精,黑嘉嘉,黑中盘胜,B,-2,-1,-3,-20
372832,於之莹,崔精,白中盘胜,W,1,-1,-1,-10
372861,崔精,洪性志,白中盘胜,W,-3,4,1,-28
373389,杨子萱,崔精,白中盘胜,W,0,1,1,13
373908,崔精,洪基杓,白胜4.5目,W,0,-1,-1,17
375233,蔡李宸,崔精,黑胜3又3/4子,B,-1,2,-1,1
379149,姜智洙,崔精,白中盘胜,W,-1,-1,0,11
381137,崔精,藤泽里菜,白中盘胜,W,2,5,4,6
381150,崔精,李赫,黑中盘胜,B,0,-6,0,12
381762,李赫,崔精,黑中盘胜,B,1,-3,0,4
381766,苏圣芳,崔精,白中盘胜,W,1,3,3,20
384684,崔哲瀚,崔精,黑中盘胜,B,2,9,2,-4
388091,元晟溱,崔精,白胜0.5目,W,3,4,3,16
392715,李赫,崔精,白中盘胜,W,3,-2,2,26
393206,向井千瑛,崔精,白中盘胜,W,0,1,2,27
394237,於之莹,崔精,白中盘胜,W,-2,-1,-2,-24
394648,王晨星,崔精,白中盘胜,W,2,-6,-2,10
395861,崔精,吴侑珍,黑中盘胜,B,-3,3,-2,10
396299,金多瑛,崔精,黑胜1.5目,B,3,-3,3,20
401871,崔精,权周利,黑中盘胜,B,3,-7,2,6
409767,韩态熙,崔精,黑中盘胜,B,3,3,-1,2
411307,崔精,於之莹,白中盘胜,W,-1,-2,-12,-8
415973,朴志恩,崔精,白中盘胜,W,2,-6,4,38
428314,姜智洙,崔精,白中盘胜,W,-4,0,-4,2
441682,金彩瑛,崔精,白中盘胜,W,-1,-2,-2,-14
444586,崔精,金彩瑛,黑中盘胜,B,-1,1,0,0
452570,崔宰荣,崔精,黑中盘胜,B,2,3,3,18
468160,崔精,朴志恩,黑中盘胜,B,-5,2,-7,-7
472786,李映周,崔精,白中盘胜,W,2,-2,2,-9
477848,吴政娥,崔精,黑中盘胜,B,0,-6,-1,0
480553,向井千瑛,崔精,白中盘胜,W,1,-7,2,6
481244,於之莹,崔精,黑中盘胜,B,-2,1,2,-2
482067,藤泽里菜,崔精,白中盘胜,W,4,3,3,-8
485393,崔精,文度媛,黑中盘胜,B,1,2,1,-5
486105,崔精,王晨星,黑中盘胜,B,2,-1,0,-8
488249,权周利,崔精,白胜16.5目,W,0,2,-1,7
494300,李瑟娥,崔精,白中盘胜,W,0,1,3,15
497840,藤泽里菜,崔精,白中盘胜,W,0,-3,2,7
498560,申真谞,崔精,黑中盘胜,B,0,3,-1,7
504608,崔精,尹显斌,黑中盘胜,B,1,1,-1,0
513569,崔精,李裕真,白胜0.5目,W,-4,-6,12,11
516391,朴志娟,崔精,白中盘胜,W,4,5,10,26
518083,崔精,吴政娥,黑中盘胜,B,-4,-2,-4,5
522966,崔精,姜多情,黑中盘胜,B,-1,1,-4,-40
525685,尹渠,崔精,白中盘胜,W,0,-7,2,-1
527453,崔精,陆敏全,黑中盘胜,B,-3,2,-4,-35
528345,李赫,崔精,白中盘胜,W,4,5,4,29
531932,崔精,金彩瑛,黑中盘胜,B,-2,-4,-1,-10
534823,崔精,李玟真,黑中盘胜,B,2,4,-1,5
536687,於之莹,崔精,黑中盘胜,B,4,7,4,15
537602,崔精,谢依旻,黑胜4又3/4子,B,-2,-3,-4,9
538802,黑嘉嘉,崔精,白胜1又1/4子,W,-2,1,-3,-7
541680,金旼柾,崔精,白中盘胜,W,3,3,3,17
553913,崔精,王晨星,黑中盘胜,B,1,0,-3,-31
558603,金多瑛,崔精,白中盘胜,W,5,9,7,22
559623,金多瑛,崔精,白中盘胜,W,0,2,2,30
563166,崔精,藤泽里菜,黑中盘胜,B,2,9,2,3
564086,芮乃伟,崔精,白中盘胜,W,3,-1,2,3
564885,崔精,於之莹,白胜2又1/4子,W,-4,-1,-10,-16
564886,崔精,王晨星,黑中盘胜,B,-2,0,-1,4
577602,崔精,罗玄,黑胜0.5目,B,0,3,-1,15
605588,李志贤,崔精,黑中盘胜,B,-1,-3,-3,6
606781,车主惠,崔精,白中盘胜,W,1,-6,-1,8
610455,崔精,金彩瑛,白中盘胜,W,1,-1,3,18
612997,金彩瑛,崔精,黑胜2又3/4子,B,2,-2,9,-8
650919,金美里,崔精,白中盘胜,W,-2,1,1,1
665881,时越,崔精,白中盘胜,W,1,-7,-1,-8
666734,陶欣然,崔精,白中盘胜,W,8,1,9,21
691892,崔精,吴侑珍,黑中盘胜,B,3,0,3,6
694753,崔精,连笑,白中盘胜,W,0,-2,-1,-23
697565,李瑟娥,崔精,黑中盘胜,B,3,0,3,14
704057,崔精,李瑟娥,黑中盘胜,B,-2,-2,-4,-8
707284,崔精,藤泽里菜,黑中盘胜,B,1,0,-5,9
707296,於之莹,崔精,黑中盘胜,B,2,-7,2,-18
708309,崔精,杨子萱,黑中盘胜,B,-1,0,-3,-1
708317,崔精,於之莹,黑中盘胜,B,8,6,8,20
716274,许瑞玹,崔精,白中盘胜,W,0,4,0,-4
720791,李瑟娥,崔精,白中盘胜,W,0,2,-2,3
726826,崔精,於之莹,黑中盘胜,B,-5,3,-6,-23
728027,崔精,周泓余,黑中盘胜,B,-1,0,-3,0
729096,崔精,黑嘉嘉,黑中盘胜,B,-2,-4,-2,-3
732138,崔精,吴侑珍,黑中盘胜,B,1,4,1,11
747623,崔精,李丹霏,黑中盘胜,B,1,-4,1,0
764698,金惠敏,崔精,白胜5.5目,W,0,2,-1,-8
780602,崔精,金惠敏,黑中盘胜,B,1,11,1,10
805868,申真谞,崔精,黑中盘胜,B,2,-2,-1,-1
984544,牛荣子,崔精,白中盘胜,W,0,-4,0,-9
984545,黑嘉嘉,崔精,白棋2.5目胜,W,-1,4,-1,-20
986949,於之莹,崔精,黑3.5目胜,B,1,-6,2,-1
1031736,崔精,朴键昊,黑中盘胜,B,0,-1,-8,-24
1103164,仲邑堇,崔精,白中盘胜,W,0,10,1,-10
1169204,杨子萱,崔精,白棋中盘胜,W,2,3,3,-3
1172027,崔精,高星,黑棋中盘胜,B,1,-3,1,23
1192455,崔精,赵惠连,黑中盘胜,B,0,-6,-4,-6
1199713,崔精,於之莹,黑中盘胜,B,0,4,1,-23
1206289,崔精,藤泽里菜,黑中盘胜,B,0,0,5,10
1212058,向井千瑛,崔精,黑中盘胜,B,0,-10,0,21
1212068,崔精,於之莹,黑棋中盘胜,B,-2,4,-2,-27
1214671,娜塔莉亚,崔精,白棋中盘胜,W,-1,5,-1,5
1217142,黑嘉嘉,崔精,白棋中盘胜,W,1,1,1,5
1249187,时越,崔精,白中盘胜,W,1,4,-1,-33
1257173,崔精,彭立尧,白中盘胜,W,2,-6,1,4
1271711,崔精,金彩瑛,白棋中盘胜,W,2,1,3,-8
1295524,崔精,於之莹,黑棋4.5目胜,B,2,-5,6,29
1295525,崔精,陆敏全,黑棋中盘胜,B,-2,1,0,-8
1343232,罗玄,崔精,黑中盘胜,B,0,-3,7,-12
1426663,宋慧领,崔精,白中盘胜,W,-2,-9,-2,7
1492115,崔精,宋知勋,白中盘胜,W,-4,-4,-11,-11
1584766,崔精,陈耀烨,白胜5.5目,W,-2,-5,2,-11
1754696,崔精,阿里亚纳,黑棋中盘胜,B,2,5,1,7
1975147,王晨星,崔精,白棋中盘胜,W,0,4,0,12
1975182,崔精,王晨星,黑棋中盘胜,B,3,-3,0,8
1975251,崔精,金彩瑛,黑棋中盘胜,B,-3,1,-3,-42
1975289,李赫,崔精,白棋中盘胜,W,0,-4,-2,-3
1975305,崔精,於之莹,黑棋1.5目胜,B,-1,2,-1,-5
1975307,崔精,周泓余,黑棋中盘胜,B,0,-2,0,-5
1975333,崔精,芮乃伟,黑棋中盘胜,B,8,-3,6,17
3231112,赵晨宇,崔精,黑棋中盘胜,B,3,3,1,9
3320965,崔精,上野爱咲美,白棋1/4子胜,W,-1,1,-2,-12
3479861,丁明君,崔精,白棋中盘胜,W,-1,7,-1,10
4026461,於之莹,崔精,黑棋中盘胜,B,0,-4,-2,-23
4468265,陆敏全,崔精,白棋中盘胜,W,0,-1,0,3
4468269,崔精,周泓余,黑棋中盘胜,B,0,1,0,-6
5006366,崔精,方若曦,黑棋中盘胜,B,2,-1,-4,-19
5013798,於之莹,崔精,黑棋中盘胜,B,1,5,1,22
5017654,崔精,於之莹,黑棋中盘胜,B,-3,-4,-3,1
5022637,於之莹,崔精,白棋中盘胜,W,3,5,1,0
6230394,崔精,李小溪,黑棋中盘胜,B,0,-1,0,-15
6241997,上野爱咲美,崔精,白棋中盘胜,W,2,4,3,-18
6557316,崔精,吴侑珍,白棋中盘胜,W,-2,3,0,-4
6685854,崔精,上野爱咲美,白棋中盘胜,W,-2,0,-2,-31
6734894,佐田笃史,崔精,白棋中盘胜,W,-2,2,0,-11
6760089,崔精,杨鼎新,黑棋中盘胜,B,-4,1,-5,-14
6765058,一力辽,崔精,白棋中盘胜,W,0,2,-2,-1
6771300,崔精,卞相壹,黑棋中盘胜,B,0,-4,0,-16
6791683,申真谞,崔精,黑棋中盘胜,B,2,-1,-8,-2
6791684,崔精,申真谞,白棋中盘胜,W,1,5,-3,-14
669665,陈耀烨,申真谞,白中盘胜,W,-2,-2,1,-11
671948,时越,申真谞,白中盘胜,W,-4,-3,-3,-2
674024,杨鼎新,申真谞,白中盘胜,W,3,2,3,15
678972,尹峻相,申真谞,白中盘胜,W,6,0,7,28
684275,申真谞,伊利亚,黑中盘胜,B,5,0,5,13
686854,申真谞,党毅飞,黑中盘胜,B,0,0,3,14
688898,唐韦星,申真谞,白中盘胜,W,3,3,2,6
691890,朴廷桓,申真谞,黑中盘胜,B,0,-1,1,-6
693772,申旻埈,申真谞,白中盘胜,W,-2,4,8,10
694750,申真谞,李翔宇,黑中盘胜,B,3,4,0,6
703209,申真谞,范廷钰,黑中盘胜,B,0,-1,3,7
707282,许家元,申真谞,白中盘胜,W,-1,0,0,5
707294,申真谞,范蕴若,黑中盘胜,B,-8,-3,-7,-2
708306,王元均,申真谞,白胜4.5目,W,3,1,1,4
708320,范蕴若,申真谞,白中盘胜,W,2,6,-4,4
722206,辜梓豪,申真谞,黑中盘胜,B,2,5,1,-21
729106,秦悦欣,申真谞,白中盘胜,W,-5,-2,-4,-22
742450,申旻埈,申真谞,白中盘胜,W,1,-5,9,14
742455,申旻埈,申真谞,白中盘胜,W,1,3,1,-2
742460,许映皓,申真谞,白中盘胜,W,-3,0,1,26
754900,申真谞,卞相壹,白中盘胜,W,3,1,-2,19
834079,申真谞,江维杰,黑中盘胜,B,-2,-1,-1,14
839172,申真谞,陈耀烨,白中盘胜,W,-7,1,-8,-15
843274,陈耀烨,申真谞,白胜1又1/4子,W,1,-1,2,10
845375,陈耀烨,申真谞,黑中盘胜,B,-1,1,0,0
867200,朴常镇,申真谞,白中盘胜,W,-3,3,0,-2
871409,金明训,申真谞,白中盘胜,W,1,-3,2,-8
871411,朴珉奎,申真谞,白中盘胜,W,5,10,5,6
871420,卞相壹,申真谞,白中盘胜,W,-1,-2,0,9
883718,申真谞,辜梓豪,黑中盘胜,B,2,-2,4,10
887593,柯洁,申真谞,黑中盘胜,B,1,5,0,-19
926613,申真谞,柯洁,白中盘胜,W,3,3,3,25
1029534,申真谞,申旻埈,黑中盘胜,B,1,1,1,24
1029543,申真谞,俞炳龙,黑胜2.5目,B,3,4,3,-4
1031733,申真谞,朴河旼,黑胜2.5目,B,1,-2,-7,-7
1044048,张栩,申真谞,白棋中盘胜,W,-1,3,-1,12
1048849,申真谞,朴廷桓,白中盘胜,W,2,-1,0,12
1068360,白洪淅,申真谞,白中盘胜,W,3,-3,1,23
1084818,朴廷桓,申真谞,黑中盘胜,B,0,10,-2,-12
1105951,李东勋,申真谞,白中盘胜,W,2,2,0,-5
1117494,赵汉乘,申真谞,白中盘胜,W,-1,-3,-2,-6
1128184,申真谞,范廷钰,黑中盘胜,B,4,-1,1,-4
1134199,谢尔豪,申真谞,白中盘胜,W,0,2,-1,-7
1144188,申真谞,丁浩,黑中盘胜,B,-4,-4,-4,-29
1144195,六浦雄太,申真谞,白中盘胜,W,0,1,1,-17
1144201,申真谞,陈梓健,黑中盘胜,B,-3,0,-5,-19
1150573,丁浩,申真谞,黑中盘胜,B,-1,-5,-6,-9
1150576,王泽锦,申真谞,黑中盘胜,B,0,6,1,15
1153588,申真谞,李东勋,白中盘胜,W,0,3,0,-24
1162400,卞相壹,申真谞,白中盘胜,W,1,4,2,1
1169196,申真谞,李东勋,黑中盘胜,B,0,0,0,5
1172034,申真谞,丁浩,黑棋中盘胜,B,-6,0,-7,2
1179571,文敏钟,申真谞,白中盘胜,W,6,11,14,23
1189701,柯洁,申真谞,黑中盘胜,B,0,1,-1,0
1212061,芈昱廷,申真谞,黑棋中盘胜,B,-2,-7,-1,4
1214657,伊田笃史,申真谞,白棋2.5目胜,W,0,2,2,21
1229038,金志锡,申真谞,白中盘胜,W,1,1,1,4
1231772,申真谞,金志锡,黑中盘胜,B,-3,-9,-7,-14
1234399,金志锡,申真谞,白中盘胜,W,-4,-3,-3,0
1251947,申真谞,廖元赫,黑中盘胜,B,7,1,7,13
1257177,申真谞,芈昱廷,黑胜3.5目,B,2,-7,2,23
1263102,申真谞,柁嘉熹,黑中盘胜,B,0,-1,-1,19
1289839,申真谞,周睿羊,黑中盘胜,B,0,-6,-2,-5
1444243,张涛,申真谞,白胜1又1/4子,W,-1,4,0,9
1478454,时越,申真谞,白棋中盘胜,W,0,7,-1,-14
1495525,陈耀烨,申真谞,黑中盘胜,B,1,-1,1,10
1495531,金志锡,申真谞,白中盘胜,W,-9,-2,-4,-15
1564500,申真谞,党毅飞,白中盘胜,W,1,-3,1,20
1584770,高星,申真谞,白中盘胜,W,0,2,0,-8
1588074,申真谞,陈耀烨,黑中盘胜,B,2,2,1,5
1593246,廖元赫,申真谞,黑中盘胜,B,2,5,1,-9
1672692,朴廷桓,申真谞,黑中盘胜,B,0,6,-1,-8
1693212,申真谞,古灵益,黑棋中盘胜,B,3,-2,3,13
1698342,丁浩,申真谞,黑棋中盘胜,B,-2,-8,-2,-18
1748598,许嘉阳,申真谞,白中盘胜,W,0,-3,2,11
1975168,邬光亚,申真谞,白棋中盘胜,W,-1,-7,-3,11
1975271,芈昱廷,申真谞,白棋中盘胜,W,-3,2,8,20
1975280,丁浩,申真谞,白中盘胜,W,-2,1,-3,12
1999878,辜梓豪,申真谞,白中盘胜,W,0,1,-1,-6
1999936,范蕴若,申真谞,黑中盘胜,B,-1,-3,-1,9
2000039,申真谞,芈昱廷,黑中盘胜,B,-1,0,2,14
2126484,朴廷桓,申真谞,白棋中盘胜,W,-4,-2,-3,-3
2151401,申真谞,朴廷桓,黑棋中盘胜,B,-1,5,-1,-20
2517395,申真谞,金志锡,黑棋中盘胜,B,-8,4,-8,-15
3231109,范蕴若,申真谞,白棋中盘胜,W,2,-7,3,18
3231194,许嘉阳,申真谞,白棋中盘胜,W,2,4,2,38
3231216,李维清,申真谞,白棋中盘胜,W,-5,-8,-7,1
3231235,申真谞,江维杰,黑棋3/4子胜,B,1,-3,0,1
3231244,陈浩,申真谞,白棋中盘胜,W,3,-2,3,0
3231260,申真谞,芈昱廷,黑棋中盘胜,B,-3,4,-2,-25
3231269,时越,申真谞,白棋1/4子胜,W,-1,-3,-1,-14
3231295,辜梓豪,申真谞,黑棋中盘胜,B,1,-2,1,1
3231317,申真谞,陈一纯,黑棋中盘胜,B,-3,-2,-3,9
3241544,申真谞,谢尔豪,黑棋不计点胜,B,1,7,4,8
3273196,申真谞,范廷钰,黑棋5点胜,B,0,-1,-2,-18
3273197,辜梓豪,申真谞,白棋不计点胜,W,-1,-3,-1,-10
3415496,申真谞,廖元赫,黑棋中盘胜,B,-5,-7,-7,4
3415507,连笑,申真谞,白棋超时胜,W,3,5,3,3
3422416,时越,申真谞,白棋中盘胜,W,4,1,3,10
3433462,谢尔豪,申真谞,白棋中盘胜,W,0,6,-1,-19
3717814,唐韦星,申真谞,白棋4.5目胜,W,2,6,3,10
3717828,蒋其润,申真谞,白棋中盘胜,W,1,-3,2,0
3717913,申真谞,许嘉阳,白棋中盘胜,W,-2,1,0,5
3717928,申真谞,许嘉阳,黑棋中盘胜,B,1,-4,2,8
3717939,党毅飞,申真谞,白棋1又1/4子胜,W,-4,-6,-2,11
3717956,申真谞,古灵益,黑棋2又3/4子胜,B,0,7,-1,-23
3717973,申真谞,赵晨宇,黑棋不计点胜,B,3,-5,3,22
3717974,赵晨宇,申真谞,白棋1点胜,W,0,-2,1,12
3753989,范廷钰,申真谞,白棋中盘胜,W,0,1,1,15
3753992,申真谞,连笑,黑棋中盘胜,B,-1,-4,1,11
3910994,井山裕太,申真谞,白棋中盘胜,W,5,7,4,29
3910995,申真谞,杨鼎新,黑棋中盘胜,B,-1,-4,-1,-24
3919405,申真谞,一力辽,黑棋中盘胜,B,1,-2,1,21
4188245,唐韦星,申真谞,白棋1又1/4子胜,W,0,7,1,12
4191409,申真谞,李维清,黑棋中盘胜,B,0,5,2,-1
4194610,丁浩,申真谞,黑棋中盘胜,B,0,1,1,3
4290791,申真谞,杨鼎新,黑棋3/4子胜,B,-3,-1,-4,-1
4296786,申真谞,丁世雄,黑棋中盘胜,B,0,-4,0,28
4303983,童梦成,申真谞,白棋中盘胜,W,-1,4,-3,-24
4672333,唐韦星,申真谞,白棋1/4子胜,W,6,-2,4,13
4684730,申真谞,唐韦星,黑棋中盘胜,B,-1,-2,-1,-20
4742052,申真谞,胡钰函,黑棋中盘胜,B,4,-2,3,4
4745634,许嘉阳,申真谞,白棋中盘胜,W,1,5,-1,10
4745643,申真谞,陶欣然,黑棋中盘胜,B,-3,-6,-6,13
4827758,谢尔豪,申真谞,白棋中盘胜,W,0,-2,0,-1
4840247,范廷钰,申真谞,白棋中盘胜,W,1,4,0,-21
4851711,韩升周,申真谞,白棋中盘胜,W,2,2,0,10
4858907,申真谞,杨鼎新,黑棋中盘胜,B,3,3,3,5
4878937,申真谞,朴廷桓,黑棋中盘胜,B,0,8,-3,-25
4882885,朴廷桓,申真谞,黑棋中盘胜,B,-3,1,-3,-12
4886662,申真谞,朴廷桓,白棋中盘胜,W,1,-5,1,14
4909910,申真谞,一力辽,黑棋中盘胜,B,2,-7,1,11
5241760,金禹丞,申真谞,白棋1又1/4子胜,W,5,11,7,31
5247690,丁浩,申真谞,白棋中盘胜,W,0,3,-1,-13
5340178,杨鼎新,申真谞,白棋中盘胜,W,-4,3,-5,5
5349842,申真谞,杨鼎新,黑棋中盘胜,B,-3,-4,-3,2
5417132,芈昱廷,申真谞,白棋中盘胜,W,-2,2,0,13
5421336,余正麒,申真谞,白棋中盘胜,W,-3,-2,-2,-5
5556199,申真谞,李钦诚,黑棋中盘胜,B,2,2,1,8
5907805,申真谞,余正麒,黑棋中盘胜,B,0,-7,0,4
6247782,申真谞,芈昱廷,白棋中盘胜,W,3,0,2,-19
6253621,蒋其润,申真谞,白棋中盘胜,W,0,0,1,9
6259546,申真谞,李维清,白棋中盘胜,W,-5,-4,-5,-18
6271759,申真谞,李翔宇,黑棋中盘胜,B,0,1,0,19
6284554,党毅飞,申真谞,白棋中盘胜,W,-1,-1,0,14
6290799,周睿羊,申真谞,白棋中盘胜,W,-6,0,-5,7
6494874,谢尔豪,申真谞,黑棋中盘胜,B,-3,0,-10,5
6522471,许嘉阳,申真谞,白棋中盘胜,W,-1,-4,-5,-29
6723464,芈昱廷,申真谞,白棋中盘胜,W,-2,-3,-2,-5
6760088,朴廷桓,申真谞,白棋中盘胜,W,1,1,3,9
6765063,范廷钰,申真谞,白棋1.5目胜,W,-2,-9,-4,6
6771301,申真谞,金明训,黑棋中盘胜,B,2,2,1,-8
6816155,芈昱廷,申真谞,白棋中盘胜,W,3,-4,4,21
6831838,申真谞,杨鼎新,白棋中盘胜,W,1,-5,-5,10
7057475,申真谞,李轩豪,白棋中盘胜,W,2,4,4,14
7380024,申真谞,许嘉阳,黑棋中盘胜,B,-2,-2,-1,0
7384225,许嘉阳,申真谞,白棋中盘胜,W,-1,6,-1,34
7414507,申真谞,黄云嵩,白棋中盘胜,W,1,-4,2,25
7414516,黄云嵩,申真谞,白棋中盘胜,W,1,-3,2,28
7429249,辜梓豪,申真谞,白棋中盘胜,W,-1,-3,2,15
8630611,申真谞,赖均辅,黑棋1又3/4子胜,B,2,-1,3,17
8635265,申真谞,一力辽,黑棋中盘胜,B,2,1,2,27
8635266,申真谞,许皓鋐,白棋中盘胜,W,-1,-4,-7,0
939,崔精,黑嘉嘉,B+R,B,0,1,0,-23
954,黑嘉嘉,奥田彩,B+R,B,-1,-4,0,5
979,黑嘉嘉,朴志恩,黑胜3/4子,B,0,-7,-1,-20
985,黑嘉嘉,崔精,白胜2又1/4子,W,-1,3,-2,1
989,纳塔莉娅,黑嘉嘉,W+R,W,-2,2,-2,-6
63553,范蔚菁,黑嘉嘉,白胜2又1/4子,W,-3,2,-3,4
63677,黑嘉嘉,蔡文河,B+R,B,2,-4,0,2
63766,黑嘉嘉,周尹南,W+R,W,-2,6,0,33
63826,黑嘉嘉,高昀,B+R,B,1,6,2,10
63856,黑嘉嘉,周俊勋,B+0.5,B,-3,-2,0,5
63900,黑嘉嘉,林至涵,B+5.5,B,-1,3,0,-27
64000,黑嘉嘉,林书阳,W+2.5,W,-2,0,-1,17
64016,萧正浩,黑嘉嘉,B+3.5,B,2,2,3,20
64241,黑嘉嘉,杨博崴,B+R,B,-2,1,-1,-5
64276,黄祥任,黑嘉嘉,B+0.5,B,-1,-2,-4,-16
64400,林修平,黑嘉嘉,W+R,W,-2,6,3,-12
64504,黑嘉嘉,林立祥,W+3.5,W,-3,1,-3,-2
64596,黑嘉嘉,林宇翔,B+R,B,1,0,1,22
64637,杨博崴,黑嘉嘉,B+R,B,3,-2,5,32
64956,林圣贤,黑嘉嘉,B+R,B,-1,-1,-2,-4
64992,黑嘉嘉,陈诗渊,W+3.5,W,0,10,1,6
65161,黑嘉嘉,王元均,W+R,W,-2,-4,-1,-36
65498,於之莹,黑嘉嘉,W+R,W,0,3,-1,8
65499,黑嘉嘉,罗洗河,W+R,W,-1,2,-2,10
65528,黑嘉嘉,王鹭,白胜1/4子,W,-2,5,-4,-37
65529,谢峰,黑嘉嘉,B+R,B,3,-3,4,4
65890,黑嘉嘉,於之莹,B+R,B,0,4,-1,-9
66055,谢依旻,黑嘉嘉,黑胜3/4子,B,0,-4,0,-4
66067,黑嘉嘉,朴志恩,W+R,W,-2,-1,-1,0
66099,宋容慧,黑嘉嘉,B+R,B,0,-7,-1,19
66884,黑嘉嘉,李赫,W+R,W,3,4,4,2
67079,谢依旻,黑嘉嘉,白3又1/4子胜,W,-2,-4,-1,8
67169,黑嘉嘉,崔精,W+R,W,-2,8,1,0
67714,向井千瑛,黑嘉嘉,W+R,W,3,0,3,11
67795,李赫,黑嘉嘉,B+R,B,-2,0,-3,-5
68231,崔精,黑嘉嘉,B+R,B,-1,0,-1,10
69655,芮乃伟,黑嘉嘉,B+R,B,-3,1,-5,-11
70002,古力,黑嘉嘉,B+R,B,-1,1,0,19
70113,赵晨宇,黑嘉嘉,白胜1又1/4子,W,-1,6,0,-2
70236,王泽锦,黑嘉嘉,白胜1/4子,W,-1,6,-1,2
70440,黑嘉嘉,檀啸,W+R,W,1,6,4,5
70465,谢尔豪,黑嘉嘉,B+R,B,1,2,2,26
70600,廖元赫,黑嘉嘉,W+R,W,3,5,3,13
70636,古灵益,黑嘉嘉,B+R,B,-1,8,-3,-10
71210,刘星,黑嘉嘉,B+R,B,0,3,-5,24
71212,周元俊,黑嘉嘉,B+R,B,1,1,-1,21
71415,黑嘉嘉,李翔宇,W+R,W,0,5,-1,-7
71553,田瑞祺,黑嘉嘉,W+R,W,-1,2,0,7
71588,黑嘉嘉,宋容慧,B+R,B,-7,1,-5,17
71683,黑嘉嘉,范胤,W+R,W,-2,9,-5,-7
71708,张亚博,黑嘉嘉,B+R,B,0,-1,-10,-10
71843,杨鼎新,黑嘉嘉,B+R,B,-1,-3,-3,-26
72263,黑嘉嘉,吴政娥,B+5.5,B,1,4,0,23
72363,张正平,黑嘉嘉,B+R,B,2,4,1,-19
72370,黑嘉嘉,王晨星,白胜2又1/4子,W,-1,-1,-2,-14
72419,黑嘉嘉,帕维尔,B+R,B,2,-6,1,4
72457,黑嘉嘉,吴荣耀,B+R,B,2,-10,-2,7
75466,黑嘉嘉,王铭琬,黑胜1又3/4子,B,2,-5,4,8
76093,赵惠莲,黑嘉嘉,B+0.5,B,4,-4,5,15
76629,黑嘉嘉,萧正浩,白中盘胜,W,1,-1,1,1
77190,於之莹,黑嘉嘉,黑中盘胜,B,1,-4,1,0
77216,黑嘉嘉,陈一鸣,白中盘胜,W,2,4,2,13
77510,黑嘉嘉,宋容慧,白中盘胜,W,1,5,1,2
79105,郑  岩,黑嘉嘉,黑棋中盘胜,B,0,-6,-6,-9
82481,黑嘉嘉,谢依旻,黑棋超时胜！,B,1,-4,0,-3
86834,於之莹,黑嘉嘉,黑棋中盘胜！,B,2,-2,0,-16
90612,金惠临,黑嘉嘉,黑棋超时胜!,B,2,1,1,5
94312,黑嘉嘉,王晨星,黑6目半胜,B,1,-5,1,2
94318,朴志恩,黑嘉嘉,白中盘胜,W,3,5,2,0
94387,崔  精,黑嘉嘉,黑中盘胜,B,-1,-6,-2,-17
94437,朴志恩,黑嘉嘉,黑中盘胜,B,2,1,1,4
97250,黑嘉嘉,陆敏全,黑中盘胜,B,-5,8,-4,-13
97285,黑嘉嘉,崔  精,白2又1/4子胜,W,0,12,1,10
97412,於之莹,黑嘉嘉,黑中盘胜,B,1,4,-3,13
99965,李  赫,黑嘉嘉,白中盘胜,W,1,-9,1,16
100046,萧正浩,黑嘉嘉,黑1目半胜,B,2,2,2,-7
103147,周尹南,黑嘉嘉,白中盘胜,W,-1,-3,-1,-3
103179,黑嘉嘉,林世民,黑中盘胜,B,0,4,0,-24
103295,林修平,黑嘉嘉,白中盘胜,W,1,1,2,1
103391,萧正浩,黑嘉嘉,黑4目半胜,B,3,-3,1,5
159312,黑嘉嘉,周泓余,黑中盘胜,B,1,1,0,10
159966,崔精,黑嘉嘉,黑中盘胜,B,-1,0,0,14
161260,於之莹,黑嘉嘉,黑中盘胜,B,2,-2,0,-16
161273,黑嘉嘉,青木喜久代,黑中盘胜,B,1,1,1,8
172428,於之莹,黑嘉嘉,黑中盘胜,B,1,2,-2,30
190499,高星,黑嘉嘉,白中盘胜,W,1,0,-1,11
195051,黑嘉嘉,杨子萱,黑中盘胜,B,4,6,4,-10
220582,陈祈睿,黑嘉嘉,黑中盘胜,B,-2,-12,1,11
223092,张凯馨,黑嘉嘉,白中盘胜,W,-3,-1,-3,-18
224031,黑嘉嘉,周俊勋,白中盘胜,W,-2,-1,-10,7
225891,於之莹,黑嘉嘉,黑中盘胜,B,0,-7,0,-5
225894,谢依旻,黑嘉嘉,白中盘胜,W,0,-6,0,4
225926,黑嘉嘉,谢依旻,黑中盘胜,B,1,6,0,5
225942,吴侑珍,黑嘉嘉,黑中盘胜,B,0,-1,-2,-20
230582,於之莹,黑嘉嘉,黑中盘胜,B,1,1,0,21
235123,黑嘉嘉,芮乃伟,白中盘胜,W,-2,-3,-1,16
275648,黃丞毅,黑嘉嘉,白中盘胜,W,-3,-4,2,15
277288,黑嘉嘉,张原荣,黑中盘胜,B,4,5,-2,1
279712,黑嘉嘉,林书阳,白胜0.5目,W,1,5,1,7
283850,宋慧领,黑嘉嘉,黑中盘胜,B,-1,-9,-1,-20
371060,黑嘉嘉,於之莹,白胜1/4子,W,-2,-7,-2,-4
371069,藤泽里菜,黑嘉嘉,白中盘胜,W,-1,-1,-1,-3
371072,王昱华,黑嘉嘉,白胜2又1/4子,W,0,5,-1,11
371431,黑嘉嘉,蔡丞韦,黑胜6.5目,B,2,1,-6,18
371432,黑嘉嘉,林修平,黑胜5.5目,B,2,-1,2,9
371433,许皓鋐,黑嘉嘉,黑胜3.5目,B,0,0,0,-1
371624,陈祈睿,黑嘉嘉,黑胜5.5目,B,-1,-5,3,20
372602,黑嘉嘉,詹品家,黑中盘胜,B,2,-4,1,19
372603,苏圣芳,黑嘉嘉,黑中盘胜,B,1,8,3,-2
372665,黑嘉嘉,张凯馨,黑中盘胜,B,1,5,-1,8
372666,林明,黑嘉嘉,白中盘胜,W,0,6,0,9
372710,黑嘉嘉,苏圣芳,黑中盘胜,B,0,12,0,-15
372753,党希昀,黑嘉嘉,白中盘胜,W,-1,-4,-2,-17
372776,黑嘉嘉,俞俐均,黑中盘胜,B,-1,2,-3,-18
373004,黑嘉嘉,安成浚,白中盘胜,W,1,-1,2,5
373025,黑嘉嘉,薛冠华,白胜3.5目,W,-2,0,-1,-3
373081,黑嘉嘉,鲁佳,白胜1/4子,W,2,0,1,11
391659,郑岩,黑嘉嘉,白中盘胜,W,-1,-2,-3,0
392714,黑嘉嘉,藤泽里菜,白中盘胜,W,1,0,0,-18
410387,於之莹,黑嘉嘉,黑中盘胜,B,0,-6,0,22
410833,黑嘉嘉,藤泽里菜,白中盘胜,W,0,9,2,-6
412285,黑嘉嘉,於之莹,白中盘胜,W,4,0,4,43
412289,陈婉瑜,黑嘉嘉,白中盘胜,W,1,2,2,-1
413333,黑嘉嘉,藤泽里菜,白中盘胜,W,-4,6,-7,-19
459462,黑嘉嘉,吴政娥,黑胜0.5目,B,1,-3,-1,1
468789,黑嘉嘉,金多瑛,白中盘胜,W,-2,-3,-1,-7
472206,黑嘉嘉,董友棠,黑中盘胜,B,1,-2,1,2
476451,黑嘉嘉,陈锋,黑胜3.5目,B,0,3,0,23
480552,牛荣子,黑嘉嘉,白中盘胜,W,-1,5,-3,-14
481243,藤泽里菜,黑嘉嘉,白胜1.5目,W,2,13,2,-20
482068,黑嘉嘉,於之莹,白超时胜,W,1,7,0,-12
492371,许瑞玹,黑嘉嘉,白胜5.5目,W,1,6,12,23
495072,简靖庭,黑嘉嘉,黑中盘胜,B,1,0,1,3
495074,潘阳,黑嘉嘉,白胜3.5目,W,-1,-2,-2,-39
525687,李赫,黑嘉嘉,黑中盘胜,B,0,4,-1,29
536689,黑嘉嘉,谢依旻,黑中盘胜,B,1,-1,1,10
537603,於之莹,黑嘉嘉,黑中盘胜,B,3,2,1,-13
541675,黑嘉嘉,潘阳,黑中盘胜,B,1,4,2,4
548661,卢奕铨,黑嘉嘉,黑中盘胜,B,-1,-2,-1,8
550357,黑嘉嘉,高昀,黑胜5.5目,B,0,1,-9,3
554851,黑嘉嘉,陈首廉,黑中盘胜,B,-7,-8,-4,-26
557708,黑嘉嘉,蔡碧涵,黑胜5又3/4子,B,1,-1,0,-3
559588,唐奕,黑嘉嘉,白中盘胜,W,-5,-3,-4,-2
562293,黑嘉嘉,许皓鋐,白中盘胜,W,2,-1,3,-5
691895,陶然,黑嘉嘉,白中盘胜,W,-3,-2,-3,-11
713790,黑嘉嘉,唐奕,黑胜3/4子,B,2,1,2,1
726820,黑嘉嘉,娜塔莉娅,黑胜10又3/4子,B,-2,5,-3,-6
728025,黑嘉嘉,谢依旻,黑胜3/4子,B,-1,-1,0,18
778101,曹又尹,黑嘉嘉,黑胜1又3/4子,B,-2,-2,-5,-17
780609,黑嘉嘉,高星,黑中盘胜,B,2,3,1,24
984542,上野爱笑美,黑嘉嘉,白中盘胜,W,1,-5,2,10
1103163,仲邑堇,黑嘉嘉,白中盘胜,W,-1,-5,0,4
1111737,黑嘉嘉,李赫,白中盘胜,W,0,1,-1,9
1114634,张子涵,黑嘉嘉,白中盘胜,W,-5,7,-7,-3
1199710,黑嘉嘉,藤泽里菜,黑胜1又3/4子,B,-3,2,-2,2
1206291,於之莹,黑嘉嘉,黑中盘胜,B,-1,4,-2,-6
1212069,黑嘉嘉,向井千瑛,黑棋中盘胜,B,-2,5,-3,-2
1214658,於之莹,黑嘉嘉,黑棋中盘胜,B,3,2,3,18
1337027,潘阳,黑嘉嘉,白棋中盘胜,W,0,-5,2,12
1478488,黑嘉嘉,李小溪,白胜1又1/4子,W,0,3,-4,-16
1754699,李赫,黑嘉嘉,黑棋中盘胜,B,-3,3,-3,4
2000020,芮乃伟,黑嘉嘉,黑中盘胜,B,-2,0,-5,9
2461794,黑嘉嘉,周泓余,白棋中盘胜,W,-2,-1,-2,6
3231173,黑嘉嘉,唐嘉雯,白棋中盘胜,W,-1,1,-5,2
3320967,陆敏全,黑嘉嘉,黑棋中盘胜,B,0,-7,-7,9
4026464,黑嘉嘉,汪雨博,黑棋中盘胜,B,0,-6,0,-10
4031431,芮乃伟,黑嘉嘉,黑棋中盘胜,B,1,-1,1,11
4237663,鲁佳,黑嘉嘉,黑棋中盘胜,B,4,-2,5,3
4468257,黑嘉嘉,曹承亚,白棋中盘胜,W,-5,4,-6,-18
6230382,芮乃伟,黑嘉嘉,白棋中盘胜,W,-1,-3,-1,6
6230396,於之莹,黑嘉嘉,白棋2又1/4子胜,W,7,2,6,33
6241998,黑嘉嘉,金彩瑛,白棋1/4子胜,W,1,0,-1,-19
170,赵惠连,曹薰铉,W+6.5,W,2,-6,1,-19
175,曹薰铉,崔精,W+R,W,1,-7,2,30
635,曹薰铉,金日焕,B+R,B,1,-2,0,7
784,曹薰铉,安官旭,W+0.5,W,0,-4,-3,10
907,曹薰铉,崔哲瀚,W+0.5,W,-1,0,-1,-4
36164,尹燦熙,曹薰铉,黑2.5目胜,B,-4,6,-12,-27
36306,曹薰铉,金恩善,黑中盘胜,B,1,-3,1,16
36335,宋泰坤,曹薰铉,黑胜1目半,B,-3,2,-2,-5
36341,曹薰铉,周俊勋,B+2.5,B,2,4,2,25
36361,曹薰铉,胡耀宇,W+2.5,W,-2,0,1,1
36376,曹薰铉,李玟真,黑中盘胜,B,-1,0,-2,7
36404,曹薰铉,尹泳珉,黑中盘胜,B,0,4,-3,-21
36416,曹薰铉,赵惠莲,黑胜5目半,B,-3,6,-4,-14
36447,曹薰铉,李英信,黑中盘胜,B,0,-2,-1,-21
36475,韩尚勋,曹薰铉,黑中盘胜,B,0,4,3,20
36493,金惠敏,曹薰铉,白中盘胜,W,-2,3,0,6
36496,曹薰铉,朴志恩,白胜半目,W,1,6,0,-12
36499,朴智恩,曹薰铉,黑胜半目,B,1,8,1,-21
36575,李昌镐,曹薰铉,白中盘胜,W,0,4,2,1
36801,元晟溱,曹薰铉,白中盘胜,W,-2,0,-6,-36
36972,曹薰铉,李载雄,黑中盘胜,B,-2,3,0,10
37216,崔基勋,曹薰铉,黑胜4目半,B,0,0,13,-2
37288,李世石,曹薰铉,黑中盘胜,B,0,3,-1,11
37556,曹薰铉,姜东润,白中盘胜,W,2,3,2,33
37588,曹薰铉,李熙星,黑中盘胜,B,4,7,6,-13
37631,陈祖德,曹薰铉,W+R,W,0,-6,-3,-6
37670,聂卫平,曹薰铉,W+R,W,-1,4,-1,1
37849,曹薰铉,刘昌赫,白胜3目半,W,-2,4,-4,-14
37887,曹薰铉,宋泰坤,B+R,B,3,0,-1,9
37906,黄奕中,曹薰铉,B+7.5,B,0,6,-2,-24
38026,曹薰铉,元晟溱,白中盘胜,W,-2,3,-2,16
38118,姜东润,曹薰铉,黑胜半目,B,0,9,0,-11
38218,朴之勋,曹薰铉,白胜8目半,W,-2,9,-4,-8
38374,洪旼杓,曹薰铉,白胜10目半,W,0,3,-2,1
38681,曹薰铉,金秀壮,黑中盘胜,B,1,-8,1,-7
38748,曹薰铉,白洪淅,黑中盘胜,B,0,-7,-1,13
38751,赵汉乘,曹薰铉,黑胜2目半,B,1,6,3,-11
39215,曹薰铉,金主镐,B+R,B,-1,0,0,27
39271,曹薰铉,元晟溱,W+R,W,-1,4,0,19
39575,朴正祥,曹薰铉,B+0.5,B,-1,-2,-2,6
40220,曹薰铉,尹峻相,W+R,W,1,7,4,-13
40274,陈耀烨,曹薰铉,B+1.5,B,4,7,4,10
40303,李昌镐,曹薰铉,B+4.5,B,-1,1,-2,-18
40621,赵汉乘,曹薰铉,B+0.5,B,-1,-1,-1,-5
40697,崔明勋,曹薰铉,W+R,W,-4,2,-4,-10
40754,李世石,曹薰铉,B+R,B,2,6,1,-2
41154,曹薰铉,金承俊,B+R,B,-1,3,-1,-4
47621,曹薰铉,姜东润,B+R,B,-10,-10,-8,-13
47990,韩雄奎,曹薰铉,W+0.5,W,-1,6,-2,-7
48330,朴正祥,曹薰铉,W+3.5,W,1,-2,0,-11
48340,曹薰铉,金东熙,B+R,B,3,8,10,16
48342,金升宰,曹薰铉,B+R,B,0,-1,-1,-26
48367,曹薰铉,金孝坤,B+R,B,0,4,-1,2
48402,常昊,曹薰铉,B+11.5,B,1,-7,1,10
48410,曹薰铉,鲁佳,B+R,B,-2,-2,0,2
48421,朴永训,曹薰铉,黑胜 白超时,B,0,0,6,-5
48595,曹薰铉,李廷宇,W+R,W,-1,2,0,20
48601,安成浚,曹薰铉,W+R,W,-2,1,-1,7
48930,姜儒泽,曹薰铉,B+R,B,1,-5,7,5
49047,曹薰铉,古力,W+0.5,W,0,-2,2,3
49075,曹薰铉,车修权,B+R,B,4,0,1,-3
49076,曹薰铉,安官旭,B+3.5,B,1,-3,0,4
49077,梁宰豪,曹薰铉,W+11.5,W,-1,-1,-1,5
49078,曹薰铉,徐能旭,B+4.5,B,4,2,-4,-7
49079,徐奉洙,曹薰铉,B+R,B,1,-1,1,-2
49340,曹薰铉,聂卫平,黑棋超时胜,B,1,-2,0,3
49341,曹薰铉,马晓春,白棋超时胜,W,3,4,5,0
49346,曹薰铉,朴廷桓,W+6.5,W,-1,5,1,-10
49769,曹薰铉,古力,W+0.5,W,0,-2,2,3
49812,李映九,曹薰铉,黑胜4目半,B,-3,0,-5,-28
49831,曹薰铉,安官旭,黑胜3目半,B,1,-3,0,4
49837,睦镇硕,曹薰铉,黑中盘胜,B,-3,2,1,2
49872,曹薰铉,朴永训,黑中盘胜,B,-2,1,-3,-3
49976,高根台,曹薰铉,黑中盘胜,B,-2,0,-2,-29
50035,李映九,曹薰铉,黑中盘胜,B,-1,5,1,-3
50156,曹薰铉,尹盛铉,B+R,B,2,6,3,-1
50486,曹薰铉,李泰贤,B+R,B,0,3,0,-8
50867,李昌镐,曹薰铉,黑中盘胜,B,7,1,8,20
50912,李昌镐,曹薰铉,B+R,B,1,-1,0,2
51058,小泽一郎,曹薰铉,B+7,B,1,4,2,-15
51858,曹薰铉,尹峻相,B+R,B,1,2,0,18
51864,周俊勋,曹薰铉,W+0.5,W,2,2,-2,-4
51914,高在熙,曹薰铉,W+19.5,W,2,3,3,-30
51939,安成浚,曹薰铉,B+1.5,B,1,-2,3,-2
54120,芮乃伟,曹薰铉,W+R,W,-1,3,-2,-4
54121,曹薰铉,赵惠连,B+R,B,-3,-3,-4,19
54122,曹薰铉,朴志恩,W+4.5,W,-2,0,-5,8
54415,金基宪,曹薰铉,W+R,W,2,4,2,-9
54428,曹薰铉,朱亨煜,B+R,B,0,1,15,-17
55064,曹薰铉,温昭珍,B+R,B,5,-3,4,4
55375,丁伟,曹薰铉,B+R,B,1,-2,2,-18
55468,徐奉洙,曹薰铉,W+0.5,W,0,11,-2,6
55634,曹薰铉,姜东润,W+0.5,W,1,10,0,-10
55775,金庭贤,曹薰铉,黑中盘胜,B,-1,3,-1,8
56102,郑成福,曹薰铉,W+1.5,W,0,-2,3,-13
56171,王尧,曹薰铉,B+0.5,B,-3,-1,-1,-27
56326,曹薰铉,白洪淅,黑胜2目半,B,-1,7,-1,5
56385,金昇宰,曹薰铉,黑中盘胜,B,1,5,0,-30
56469,朴正祥,曹薰铉,B+5.5,B,-1,-1,1,4
56878,张秀英,曹薰铉,W+R,W,-1,9,-1,-14
56933,徐奉洙,曹薰铉,W+4.5,W,1,2,-2,-16
56942,曹薰铉,李相勋,W+2.5,W,0,-2,1,16
56966,曹薰铉,朴承华,B+R,B,-6,-5,-6,16
56971,金志锡,曹薰铉,B+R,B,1,7,12,11
57211,徐奉洙,曹薰铉,W+14.5,W,1,2,1,6
57212,曹薰铉,徐奉洙,B+2.5,B,1,6,1,18
57213,曹薰铉,权甲龙,B+11.5,B,-1,3,-1,2
57432,曹薰铉,结城聪,W+1.5,W,-2,1,-1,-2
58572,金基宪,曹薰铉,W+10.5,W,0,0,2,-7
58650,睦镇硕,曹薰铉,B+R,B,-5,-6,-9,-22
58833,李瑟娥,曹薰铉,W+R,W,1,0,2,8
59394,曹薰铉,李多慧,B+3.5,B,-3,-10,-1,0
59395,曹薰铉,朴志娟,B+1.5,B,-2,3,1,12
59396,文度媛,曹薰铉,W+R,W,-1,-1,1,-5
59478,曹薰铉,李昌镐,W+R,W,1,-9,7,7
59487,金志锡,曹薰铉,B+R,B,-1,2,0,13
59872,徐能旭,曹薰铉,B+R,B,-3,-5,-5,-7
59873,朴映璨,曹薰铉,W+18.5,W,-2,-3,-4,-5
61016,金娜贤,曹薰铉,W+0.5,W,-2,-4,-3,-8
61056,曹薰铉,吴政娥,B+3.5,B,-3,1,-1,17
61181,金美里,曹薰铉,W+R,W,-2,1,2,-14
61187,李瑟娥,曹薰铉,W+R,W,1,5,-1,6
61334,曹薰铉,赵惠连,B+R,B,1,5,1,25
61350,权孝珍,曹薰铉,B+R,B,2,3,0,-13
61756,聂卫平,曹薰铉,W+R,W,-1,4,1,2
61764,曹薰铉,聂卫平,B+R,B,3,6,-1,13
61962,曹薰铉,金起用,W+9.5,W,-1,1,5,23
63063,朴进率,曹薰铉,B+R,B,0,-7,2,4
63176,曹薰铉,胡耀宇,W+R,W,3,1,2,-10
63212,李元道,曹薰铉,W+R,W,-1,2,-1,6
63703,曹薰铉,睦镇硕,W+R,W,1,-3,2,3
63940,曹薰铉,韩态熙,W+R,W,4,3,3,7
63993,曹薰铉,刘昌赫,B+4.5,B,0,0,2,-20
64313,朴珉奎,曹薰铉,B+6.5,B,-4,5,-4,-16
64692,元晟溱,曹薰铉,B+R,B,-1,2,0,5
65638,曹薰铉,韩态熙,B+R,B,1,0,6,-1
67929,曹薰铉,李夏辰,B+R,B,-1,5,-1,9
68088,曹薰铉,金伸英,B+11.5,B,-1,5,-2,-4
68179,俞在星,曹薰铉,W+8.5,W,0,3,0,-7
68269,曹薰铉,金成进,B+6.5,B,2,3,1,7
69537,曹薰铉,崔精,B+0.5,B,0,7,0,-1
69540,金秀真,曹薰铉,W+R,W,2,-3,-2,-6
69584,朴炤炫,曹薰铉,W+R,W,-3,4,-6,-5
69664,权孝珍,曹薰铉,W+R,W,0,0,-2,-8
69780,朴志恩,曹薰铉,W+R,W,1,-1,2,-12
69784,曹薰铉,金惠临,B+20.5,B,-5,6,-9,-12
72030,曹薰铉,申真谞,B+R,B,1,4,3,-3
72438,徐能旭,曹薰铉,W+0.5,W,0,-4,-1,-10
72448,崔圭丙,曹薰铉,W+R,W,-1,7,0,-2
75381,江鸣久,曹薰铉,白胜3又1/4子,W,-1,7,-3,-1
78445,曹薰铉,金日焕,白1又1/4子胜,W,1,5,2,6
78485,常  昊,曹薰铉,黑中盘胜,B,0,4,-1,0
78977,曹薰铉,吴政娥,白棋半目胜,W,0,0,-1,-13
82467,曹薰铉,徐奉洙,黑棋2目半胜！,B,0,7,-3,-17
83859,尹峻相,曹薰铉,黑棋中盘胜！,B,1,1,0,-9
86749,曹薰铉,徐奉洙,黑棋中盘胜！,B,1,-4,1,3
86795,金日焕,曹薰铉,白棋中盘胜!,W,8,4,6,-3
94338,崔圭丙,曹薰铉,白3目半胜,W,-4,2,-2,0
97121,曹薰铉,金日焕,黑中盘胜,B,-1,-1,-2,-21
97122,罗钟勋,曹薰铉,白中盘胜,W,-1,6,2,16
97263,徐奉洙,曹薰铉,白中盘胜,W,1,7,5,5
109576,曹薰铉,林海峰,黑中盘胜,B,1,-1,0,-11
109600,聂卫平,曹薰铉,白中盘胜,W,-1,5,1,-6
130493,曹薰铉,徐奉洙,黑中盘胜,B,4,4,4,6
130575,朴志恩,曹薰铉,白5目半胜,W,0,4,-2,1
134250,刘昌赫,曹薰铉,黑中盘胜,B,-2,3,-2,7
134369,曹薰铉,徐奉洙,黑中盘胜,B,3,-3,-1,-1
137473,曹薰铉,朴永训,白中盘胜,W,2,1,7,26
163898,徐能旭,曹薰铉,白中盘胜,W,-2,2,0,-1
395859,权七胜,曹薰铉,黑胜1目,B,1,6,1,-14
1103165,仲邑堇,曹薰铉,白中盘胜,W,2,1,2,-13
4684727,曹薰铉,聂卫平,黑棋中盘胜,B,-1,4,0,-24
263,奥田彩,谢依旻,W+5.5,W,3,11,13,-11
342,谢依旻,奥田彩,B+R,B,5,-8,5,-6
478,奥田彩,谢依旻,W+4.5,W,0,1,1,16
566,谢依旻,石田芳夫,W+4.5,W,0,-2,-1,5
644,谢依旻,志田达哉,W+R,W,2,-4,4,-9
861,谢依旻,大泽奈留美,B+R,B,4,2,6,-9
1005,石井茜,谢依旻,W+R,W,-1,-2,0,11
1032,谢依旻,王铭琬,W+0.5,W,-1,-3,-1,-12
58631,谢依旻,向井千瑛,B+R,B,3,4,4,2
61800,谢依旻,白石勇一,B+R,B,1,-5,3,14
61806,下坂美织,谢依旻,W+R,W,-1,2,-1,-19
61811,谢依旻,内田修平,W+0.5,W,-1,2,-1,16
61829,谢依旻,唐奕,B+5.5,B,2,-1,1,-6
61835,金美里,谢依旻,W+R,W,-1,1,0,16
62119,谢依旻,山田规三生,B+R,B,2,0,1,12
62131,青木喜久代,谢依旻,W+R,W,-1,-3,2,-7
62274,谢依旻,青木喜久代,W+9.5,W,-2,4,-3,-31
62387,青木喜久代,谢依旻,B+R,B,-1,6,1,3
62419,谢依旻,羽根直树,W+R,W,1,2,2,9
62470,谢依旻,万波奈穗,B+4.5,B,1,-7,1,-3
62518,向井千瑛,谢依旻,W+15.5,W,-3,6,-3,-13
62686,谢依旻,向井千瑛,B+1.5,B,0,5,4,9
63005,谢依旻,王晨星,B+R,B,-5,-12,-7,-6
63008,谢依旻,於之莹,W+R,W,3,-6,4,-6
63133,林汉杰,谢依旻,B+3.5,B,2,-8,0,5
63243,王晨星,谢依旻,B+R,B,-1,6,-1,-4
63263,黑嘉嘉,谢依旻,W+R,W,5,2,-3,19
63280,谢依旻,朴志恩,W+R,W,-3,-3,1,-11
63502,富士田明彦,谢依旻,B+0.5,B,1,-4,1,13
63680,谢依旻,三村智保,W+R,W,-1,7,-5,-5
64385,苏耀国,谢依旻,W+R,W,-1,-2,-2,20
64386,一力辽,谢依旻,W+R,W,0,-5,2,-7
65732,安斋伸彰,谢依旻,B+R,B,0,-3,0,1
65850,谢依旻,金泽真,W+R,W,-2,-3,-2,-9
65900,谢依旻,清成哲也,W+3.5,W,-1,2,-1,-7
66057,谢依旻,李赫,B+R,B,0,4,0,0
66318,於之莹,谢依旻,B+R,B,0,2,1,17
66733,谢依旻,青木喜久代,B+0.5,B,2,4,1,10
66925,谢依旻,奥田彩,B+R,B,3,-2,3,19
67333,青木喜久代,谢依旻,W+R,W,-4,2,-1,8
67507,奥田彩,谢依旻,W+5.5,W,0,3,2,-1
67564,谢依旻,大渊浩太郎,W+R,W,2,0,4,10
67673,谢依旻,富士田明彦,W+R,W,3,4,3,12
67792,朴志恩,谢依旻,B+R,B,0,11,1,33
68484,谢依旻,李玟真,W+3.5,W,-3,1,-2,-5
69634,谢依旻,王晨星,W+R,W,-1,6,0,-9
70349,向井千瑛,谢依旻,B+R,B,1,-1,-2,-15
70419,谢依旻,向井千瑛,B+3.5,B,0,-2,-1,13
70957,向井千瑛,谢依旻,B+3.5,B,1,6,-3,8
71360,谢依旻,向井千瑛,B+R,B,-1,1,4,23
71674,但马慎吾,谢依旻,B+1.5,B,2,0,0,12
72619,一力辽,谢依旻,B+R,B,-2,-4,-3,23
74755,谢依旻,中小野田智己,B+0.5,B,0,-5,2,-10
74887,谢依旻,青木喜久代,B+R,B,-1,-3,-2,9
75397,潘善琪,谢依旻,黑中盘胜,B,-1,0,-1,4
75401,结城聪,谢依旻,B+R,B,1,-4,1,-7
75472,加藤启子,谢依旻,B+1.5,B,-2,0,5,12
75496,谢依旻,加藤启子,B+R,B,1,1,1,-27
75513,青木喜久代,谢依旻,W+R,W,2,-1,1,1
76000,於之莹,谢依旻,B+R,B,2,1,0,-20
76168,谢依旻,加藤启子,B+R,B,-1,0,-3,7
79132,谢依旻,芮乃伟,白棋中盘胜,W,2,3,3,24
90641,铃木步,谢依旻,白棋中盘胜!,W,-2,5,1,-6
94583,谢依旻,宋容慧,白中盘胜,W,-3,-4,-2,2
97274,宋容慧,谢依旻,黑中盘胜,B,3,-2,2,2
97398,谢依旻,张凯馨,黑中盘胜,B,1,-2,0,-17
97413,金惠敏,谢依旻,黑1又3/4子胜,B,0,-6,-2,-3
100022,石井茜,谢依旻,白6目半胜,W,1,0,2,4
100142,祷阳子,谢依旻,白10目半胜,W,-3,-1,-3,-7
103349,谢依旻,王景怡,白1目半胜,W,2,0,2,6
106531,铃木步,谢依旻,白3目半胜,W,1,1,-2,9
130522,藤泽里菜,谢依旻,白中盘胜,W,0,-1,0,12
132083,梅泽由香里,谢依旻,白半目胜,W,5,8,3,22
133377,谢依旻,梅泽由香里,黑2目半胜,B,-3,1,-2,-10
149148,谢依旻,金彩瑛,黑中盘胜,B,1,5,4,3
149778,谢依旻,鲁佳,黑中盘胜,B,0,-3,-3,-26
149796,朴志娟,谢依旻,黑中盘胜,B,3,-1,2,5
166543,甲田明子,谢依旻,白中盘胜,W,-2,3,0,-2
180210,向井千瑛,谢依旻,白胜2.5目,W,-2,-5,-8,2
180226,谢依旻,青木喜久代,黑中盘胜,B,4,2,4,15
190479,藤泽里菜,谢依旻,白中盘胜,W,1,4,5,10
190482,谢依旻,万波奈穗,黑胜12.5目,B,3,0,3,19
199440,谢依旻,藤泽里菜,黑中盘胜,B,4,-2,2,20
219710,藤泽里菜,谢依旻,黑中盘胜,B,0,1,-3,-26
223089,谢依旻,藤泽里菜,白中盘胜,W,-2,-1,-2,2
225919,於之莹,谢依旻,黑中盘胜,B,2,2,2,-3
225948,谢依旻,吴侑珍,白中盘胜,W,2,4,-1,-2
228654,藤泽里菜,谢依旻,黑中盘胜,B,4,-2,1,15
235128,王祥云,谢依旻,黑胜1又3/4子,B,-3,-7,-3,-10
245339,谢依旻,工藤纪夫,黑胜4.5目,B,2,-2,5,-3
249391,谢依旻,高尾绅路,白中盘胜,W,0,2,0,40
258825,牛荣子,谢依旻,白中盘胜,W,-3,3,-3,-3
272852,藤泽里菜,谢依旻,黑中盘胜,B,1,1,1,-5
275185,谢依旻,藤泽里菜,白胜1.5目,W,5,2,6,-2
284527,谢依旻,上野爱笑美,黑胜3.5目,B,-3,-1,-3,1
371034,谢依旻,鲁佳,黑中盘胜,B,-2,1,0,13
371055,谢依旻,吴侑珍,白胜1又1/4子,W,3,-1,4,19
371064,张凯馨,谢依旻,白胜2又1/4子,W,0,4,2,-1
371229,向井千瑛,谢依旻,白中盘胜,W,2,2,3,2
371253,谢依旻,卷幡多荣子,黑中盘胜,B,0,2,-1,-7
371279,谢依旻,小林觉,白胜1.5目,W,2,2,5,-6
371362,大泽奈留美,谢依旻,白中盘胜,W,1,0,0,19
371426,谢依旻,李赫,白中盘胜,W,-4,-2,-2,-19
371581,藤泽里菜,谢依旻,黑中盘胜,B,0,0,-1,-6
371621,谢依旻,藤泽里菜,黑胜4.5目,B,-1,-7,5,23
371719,谢依旻,藤泽里菜,白中盘胜,W,3,-3,2,-3
371767,奥田彩,谢依旻,白中盘胜,W,-7,-5,-10,-28
371997,谢依旻,牛荣子,黑胜4.5目,B,4,5,1,19
372068,谢依旻,藤泽里菜,白胜2.5目,W,1,3,1,20
372276,谢依旻,木部夏生,黑中盘胜,B,5,-2,7,14
373850,谢依旻,藤泽里菜,黑中盘胜,B,-1,2,-1,-7
375706,谢依旻,木部夏生,黑中盘胜,B,5,2,4,14
381134,谢依旻,吴侑珍,白中盘胜,W,1,3,2,3
381147,俞俐均,谢依旻,白超时胜,W,-1,1,-2,11
381755,苏圣芳,谢依旻,白中盘胜,W,0,-4,-1,26
381771,鲁佳,谢依旻,黑胜2.5目,B,0,-5,2,13
383560,谢依旻,祷阳子,白胜3.5目,W,1,0,0,-9
385629,藤泽里菜,谢依旻,黑中盘胜,B,2,-1,3,0
387501,谢依旻,茅野直彦,黑中盘胜,B,-2,2,0,12
391660,谢依旻,藤泽里菜,黑中盘胜,B,-3,2,-3,0
392712,谢依旻,吴政娥,白中盘胜,W,-1,-4,-1,-16
399015,藤泽里菜,谢依旻,黑胜2.5目,B,1,4,3,9
404612,谢依旻,藤泽里菜,黑胜8.5目,B,-3,2,-3,-14
449178,李沂修,谢依旻,黑中盘胜,B,1,6,-2,-5
449179,大西研也,谢依旻,白中盘胜,W,1,-1,8,-14
449990,上野爱笑美,谢依旻,黑中盘胜,B,-2,-3,-1,-9
462022,谢依旻,小林觉,白中盘胜,W,-3,-1,-2,-19
480554,於之莹,谢依旻,黑中盘胜,B,1,6,3,6
501798,谢依旻,石井茜,黑胜5.5目,B,0,-3,-2,5
509137,谢依旻,李赫,白中盘胜,W,-1,-2,-2,8
525683,张璇,谢依旻,白中盘胜,W,-3,3,-2,2
527451,金彩瑛,谢依旻,黑中盘胜,B,0,-1,-1,12
538804,谢依旻,於之莹,白中盘胜,W,-4,-1,-7,-9
541684,许家元,谢依旻,黑中盘胜,B,0,-5,-4,10
541685,一力辽,谢依旻,黑胜13.5目,B,-1,1,-1,-5
545462,谢依旻,星合志保,黑中盘胜,B,-2,1,7,-3
547612,谢依旻,吉田美香,黑中盘胜,B,2,0,2,-11
550367,矢代久美子,谢依旻,黑中盘胜,B,-1,3,0,0
556704,谢依旻,松本武久,白中盘胜,W,2,-1,3,8
556705,谢依旻,河英一,黑胜1.5目,B,-1,-4,-3,-7
556706,卞闻恺,谢依旻,白胜0.5目,W,6,5,8,27
562292,谢依旻,秋山次郎,白胜0.5目,W,-1,-1,4,14
571135,谢依旻,藤泽里菜,黑中盘胜,B,0,-7,0,22
573159,藤泽里菜,谢依旻,黑中盘胜,B,-3,2,-3,6
577601,藤泽里菜,谢依旻,黑中盘胜,B,-2,-1,-2,-11
675125,谢依旻,小西和子,黑胜3.5目,B,2,-6,-8,5
703225,藤泽里菜,谢依旻,黑中盘胜,B,1,0,0,6
707285,谢依旻,吴侑珍,白中盘胜,W,-1,5,0,-16
707291,谢依旻,苏圣芳,黑中盘胜,B,-2,-4,0,5
708304,谢依旻,陆敏全,白中盘胜,W,1,-2,0,-10
708314,谢依旻,苏圣芳,黑中盘胜,B,1,-2,2,9
716272,谢依旻,井泽秋乃,黑胜3.5目,B,3,6,3,16
726827,谢依旻,李赫,黑胜2又3/4子,B,1,1,0,-19
742451,谢依旻,藤泽里菜,白中盘胜,W,-1,1,-1,-13
754907,谢依旻,大西龙平,白胜5.5目,W,-1,3,-2,25
773020,藤泽里菜,谢依旻,白中盘胜,W,1,-8,1,5
796474,梅泽由香里,谢依旻,白中盘胜,W,0,-3,1,0
801177,谢依旻,藤泽里菜,白中盘胜,W,0,3,-1,13
1036163,藤泽里菜,谢依旻,黑中盘胜,B,4,-2,6,10
1056615,谢依旻,藤泽里菜,白中盘胜,W,-1,1,0,5
1095934,铃木步,谢依旻,黑中盘胜,B,3,-2,2,-11
1114618,谢依旻,王景怡,黑中盘胜,B,5,-2,6,4
1144203,高星,谢依旻,黑胜2又3/4子,B,2,-1,0,2
1166179,谢依旻,高星,白棋中盘胜,W,0,7,-1,-9
1206290,吴侑珍,谢依旻,黑中盘胜,B,-1,-2,-3,2
1214642,小池芳弘,谢依旻,黑中盘胜,B,-1,0,-3,-11
1754693,谢依旻,芮乃伟,白棋1.5目胜,W,0,9,2,-14
3309107,谢依旻,吴依铭,白棋中盘胜,W,2,-2,3,4
4468252,陆敏全,谢依旻,白棋中盘胜,W,1,-4,-1,8
5882696,吴依铭,谢依旻,黑棋中盘胜,B,-1,-3,-1,14
495816,胡钰函,时越,白中盘胜,W,2,-4,2,19
507088,时越,於之莹,黑中盘胜,B,2,-2,0,22
507121,时越,牛雨田,黑中盘胜,B,1,2,1,5
508232,时越,谢科,白胜1/4子,W,5,2,5,-33
519266,周睿羊,时越,白胜1点,W,6,5,6,5
521247,时越,夏晨琨,黑不计点胜,B,3,6,4,-2
522976,时越,范廷钰,黑中盘胜,B,0,-1,1,-10
533192,时越,星阵围棋,白中盘胜,W,-2,-1,-1,-18
533211,柁嘉熹,时越,白中盘胜,W,1,2,-1,1
535653,范蕴若,时越,白中盘胜,W,-1,3,-2,-19
537588,赵晨宇,时越,白中盘胜,W,-5,2,-5,-6
538806,时越,李轩豪,白中盘胜,W,2,-7,1,8
541639,时越,柯洁,白中盘胜,W,4,6,4,8
542587,谢尔豪,时越,黑中盘胜,B,0,3,-1,-11
547626,王泽锦,时越,白中盘胜,W,-1,5,-1,25
551286,柯洁,时越,黑中盘胜,B,1,3,2,0
554865,时越,崔哲瀚,黑中盘胜,B,-3,-5,-4,4
556725,李元荣,时越,白中盘胜,W,-3,1,-2,1
559612,时越,陈耀烨,黑中盘胜,B,0,1,1,-1
564884,芈昱廷,时越,黑胜1点,B,-3,8,-2,20
569352,时越,芈昱廷,白中盘胜,W,5,0,5,19
571136,党毅飞,时越,黑中盘胜,B,-3,10,-3,-9
574072,芈昱廷,时越,黑中盘胜,B,1,1,1,15
575892,时越,党毅飞,黑胜3/4子,B,0,4,0,5
580465,檀啸,时越,白中盘胜,W,-2,0,-2,-4
583405,陈正勋,时越,白胜1/4子,W,-2,2,-3,-4
583413,时越,芮乃伟,黑中盘胜,B,-1,-6,0,4
584285,丁浩,时越,白中盘胜,W,2,-3,0,-1
584291,国宇征,时越,白胜1又1/4子,W,5,-9,6,25
596436,时越,芈昱廷,白不计点胜,W,2,-3,0,-3
602163,时越,廖元赫,白中盘胜,W,-3,5,-4,3
604363,辜梓豪,时越,黑中盘胜,B,2,7,0,-6
628832,辜梓豪,时越,黑中盘胜,B,3,4,2,13
638164,时越,申旻埈,黑中盘胜,B,-1,-5,-2,1
640823,赵晨宇,时越,黑中盘胜,B,-2,-6,-3,-20
669681,李钦诚,时越,白中盘胜,W,4,8,3,3
670894,时越,谢尔豪,黑胜1.5目,B,-1,4,8,-1
691905,江维杰,时越,白中盘胜,W,-1,8,-1,-7
702358,时越,范蕴若,黑中盘胜,B,1,-1,4,14
703223,时越,周睿羊,黑中盘胜,B,1,-1,-1,-3
707274,彭立尧,时越,白中盘胜,W,-1,-3,-3,-14
707299,廖元赫,时越,黑中盘胜,B,3,3,3,3
722210,时越,谢尔豪,白中盘胜,W,0,-4,-4,35
724387,柁嘉熹,时越,黑中盘胜,B,-1,4,-1,5
729108,时越,杨鼎新,白中盘胜,W,4,-2,5,16
738624,廖元赫,时越,白中盘胜,W,-2,8,-2,10
747634,时越,范廷钰,黑中盘胜,B,2,3,1,-2
752016,时越,辜梓豪,黑中盘胜,B,1,1,2,5
754898,时越,星阵,白中盘胜,W,2,-3,6,-27
816305,申旻埈,时越,黑胜2又3/4子,B,4,9,3,24
819684,时越,於之莹,黑胜1又3/4子,B,2,-1,2,-1
955944,时越,杨鼎新,黑中盘胜,B,-3,4,-3,-15
960560,杨鼎新,时越,黑中盘胜,B,3,-3,0,-3
962980,时越,杨鼎新,白中盘胜,W,3,-5,3,25
991313,时越,辜梓豪,白中盘胜,W,-3,-4,-2,-21
1039043,江维杰,时越,黑中盘胜,B,2,-9,0,-21
1056619,何语涵,时越,黑中盘胜,B,1,-4,2,-2
1056625,付冲,时越,白中盘胜,W,-3,-1,-4,0
1128171,时越,辜梓豪,白中盘胜,W,0,4,0,0
1134198,朴廷桓,时越,黑中盘胜,B,0,0,3,-11
1153593,江维杰,时越,白棋中盘胜,W,3,4,5,9
1172030,时越,范蕴若,白棋中盘胜,W,2,-1,1,21
1189711,范廷钰,时越,白中盘胜,W,-4,4,-9,-12
1197395,童梦成,时越,黑中盘胜,B,-2,0,-2,-13
1263099,李东勋,时越,白胜1/4子,W,-2,-6,-4,5
1289872,孟泰龄,时越,白中盘胜,W,-1,0,0,-5
1320805,周睿羊,时越,黑棋不计点胜,B,-1,2,-6,25
1444247,申旻埈,时越,白中盘胜,W,12,1,11,5
1530437,时越,井山裕太,黑中盘胜,B,1,-3,1,26
1534200,江维杰,时越,黑中盘胜,B,2,-6,0,2
1564498,时越,周睿羊,黑中盘胜,B,-1,2,-1,-13
1635036,时越,赵晨宇,黑中盘胜,B,2,-6,2,14
1693217,时越,陈昱森,黑棋中盘胜,B,-4,3,-2,3
1784523,时越,陈梓健,黑中盘胜,B,-2,-2,-3,3
1784527,陈浩,时越,白中盘胜,W,1,-1,1,8
1788375,江维杰,时越,黑中盘胜,B,-5,2,-5,0
1788380,时越,石豫来,黑胜3/4子,B,1,1,1,-9
1791055,杨鼎新,时越,白中盘胜,W,-1,-4,-1,-7
1791066,时越,唐韦星,黑中盘胜,B,2,-4,2,17
1975127,时越,芈昱廷,白中盘胜,W,-2,-4,-2,-1
1975153,时越,廖元赫,白胜1/4子,W,-1,-3,-2,10
1975226,童梦成,时越,黑中盘胜,B,0,-1,-2,19
1975227,江维杰,时越,黑中盘胜,B,0,-2,4,-6
1975240,连笑,时越,黑中盘胜,B,4,-8,4,6
1975243,柁嘉熹,时越,黑中盘胜,B,0,1,8,9
1975342,时越,谢尔豪,黑胜3/4子,B,5,-7,5,26
1984129,时越,江维杰,黑棋中盘胜,B,1,-4,1,8
1991291,时越,杨鼎新,白棋中盘胜,W,-2,-2,-1,-6
1999882,时越,张涛,黑中盘胜,B,1,0,1,0
1999924,芈昱廷,时越,黑中盘胜,B,9,-6,12,20
1999954,芈昱廷,时越,黑中盘胜,B,-2,-11,0,-10
2136010,时越,丁浩,白棋中盘胜,W,-2,-6,-3,19
2167890,伊凌涛,时越,黑棋中盘胜,B,-2,3,-2,-2
2293202,杨鼎新,时越,白棋中盘胜,W,-1,-1,-2,9
2293224,时越,伊凌涛,黑棋1又3/4子胜,B,-4,-11,-7,-26
2329199,陈耀烨,时越,黑棋中盘胜,B,3,5,2,13
2347939,时越,谢科,黑棋中盘胜,B,0,-1,-2,-13
2353986,赵晨宇,时越,黑棋中盘胜,B,-2,1,-3,-6
2395658,时越,范蕴若,白棋中盘胜,W,0,-6,-3,-1
2395678,廖行文,时越,白棋中盘胜,W,1,5,0,9
2395708,廖元赫,时越,黑棋中盘胜,B,2,2,-2,11
2555042,时越,彭立尧,白棋中盘胜,W,-1,0,-1,10
3231119,时越,柁嘉熹,白棋中盘胜,W,0,-3,1,0
3231123,古灵益,时越,白棋中盘胜,W,5,3,6,2
3231160,时越,许皓鈜,白棋中盘胜,W,7,-6,9,38
3231215,时越,唐韦星,黑棋中盘胜,B,0,-3,0,-8
3231302,时越,范廷钰,白棋中盘胜,W,-3,-13,-3,5
3301581,伊凌涛,时越,黑棋中盘胜,B,2,-4,4,4
3415492,佐田笃史,时越,白棋中盘胜,W,-1,0,-2,1
3415510,时越,崔宰荣,黑棋中盘胜,B,0,-3,2,20
3483082,江维杰,时越,黑棋中盘胜,B,-1,0,-2,-7
3717859,时越,陈梓健,黑棋中盘胜,B,2,0,0,9
3717879,范胤,时越,白棋1/4子胜,W,1,-6,1,8
4142013,刘宇航,时越,黑棋中盘胜,B,1,2,1,3
4188235,时越,赵晨宇,黑棋3/4胜,B,2,-1,1,3
4194611,张涛,时越,白棋中盘胜,W,3,6,4,5
4200701,陈耀烨,时越,白棋1/4子胜,W,2,6,2,19
4205282,时越,丁浩,黑棋中盘胜,B,3,-2,3,6
4210180,连笑,时越,白棋中盘胜,W,-5,-4,-14,-5
4287705,时越,陈耀烨,黑棋中盘胜,B,-1,3,-1,9
4290794,时越,周贺玺,黑棋中盘胜,B,5,2,9,37
4296768,时越,许嘉阳,白棋中盘胜,W,-1,-8,-1,-1
4303984,金禹丞,时越,黑棋2又3/4子胜,B,3,-4,3,25
4485140,陈贤,时越,白棋中盘胜,W,-3,-3,6,13
4485143,丁浩,时越,黑棋中盘胜,B,-6,-10,-9,-21
4742040,卞相壹,时越,黑棋1又3/4子胜,B,-3,5,-5,-19
4742053,屠晓宇,时越,黑棋中盘胜,B,0,4,0,-13
5047404,芈昱廷,时越,黑棋中盘胜,B,1,-1,-1,-6
5196613,时越,赵晨宇,白棋中盘胜,W,-2,3,-2,-6
5374168,时越,廖元赫,黑棋3/4子胜,B,2,2,4,17
5398243,许嘉阳,时越,白棋中盘胜,W,-5,5,-10,3
5440156,时越,谢科,白棋中盘胜,W,-1,-7,3,-8
5545995,金明训,时越,黑棋中盘胜,B,1,5,3,-17
5662521,时越,谢科,白棋中盘胜,W,1,3,1,13
5725704,芈昱廷,时越,白棋中盘胜,W,-2,-6,-2,-18
5730799,时越,陈耀烨,黑棋中盘胜,B,0,5,-1,-8
5744518,时越,许嘉阳,白棋中盘胜,W,0,-6,2,11
5899421,时越,申旻埈,白棋中盘胜,W,-1,0,-1,13
6005731,时越,刘宇航,白棋中盘胜,W,0,0,-1,18
6005740,时越,常昊,黑棋中盘胜,B,1,-1,0,-2
6247779,陈梓健,时越,白棋中盘胜,W,2,5,3,18
6253615,时越,杨楷文,白棋中盘胜,W,0,-6,-1,1
6271756,孟泰龄,时越,白棋中盘胜,W,-1,1,-2,6
6277843,时越,许皓鋐,黑棋中盘胜,B,-1,2,-2,-2
6290816,时越,卞相壹,白棋中盘胜,W,4,4,5,-10
6383889,连笑,时越,黑棋中盘胜,B,-6,0,-8,-10
6423323,时越,金明训,黑棋2又3/4子胜,B,2,3,2,10
6494875,陈贤,时越,白棋中盘胜,W,1,8,5,-12
6494909,李轩豪,时越,白棋中盘胜,W,3,3,5,-2
6494927,时越,丁浩,黑棋3/4子胜,B,3,0,7,2
6504499,时越,陶欣然,黑棋中盘胜,B,4,-1,4,14
6509207,廖元赫,时越,白棋中盘胜,W,-1,2,-2,-20
6509208,谢尔豪,时越,白棋中盘胜,W,3,3,3,9
6522472,乔智健,时越,白棋中盘胜,W,-2,-1,-9,6
7329731,时越,陈玉侬,黑棋中盘胜,B,-1,-1,-3,-13
7371238,时越,杨楷文,黑棋3/4子胜,B,-1,-3,-5,9
7375476,时越,彭立尧,黑棋中盘胜,B,3,4,3,-3
7375484,廖元赫,时越,白棋中盘胜,W,2,2,5,15
7380015,党毅飞,时越,黑棋中盘胜,B,3,-5,4,14
7380028,芈昱廷,时越,黑棋中盘胜,B,0,-5,-1,-17
7384226,陈贤,时越,白棋中盘胜,W,4,1,3,-3
7414514,井山裕太,时越,白棋中盘胜,W,0,0,2,-8
7414525,许嘉阳,时越,白棋1又1/4子胜,W,-3,-1,1,-10
241974,周睿羊,孟泰龄,黑中盘胜,B,6,-2,4,10
248572,时越,周睿羊,白中盘胜,W,-2,-2,-4,-34
248588,周睿羊,范胤,黑中盘胜,B,1,1,0,-27
252362,Master,周睿羊,B+R,B,-1,-3,0,8
254443,周睿羊,檀啸,黑中盘胜,B,-8,-6,-12,-18
254860,周睿羊,杨鼎新,黑中盘胜,B,-1,0,0,0
255590,周睿羊,芈昱廷,黑中盘胜,B,-4,0,-2,9
257572,安冬旭,周睿羊,白2又1/4子胜,W,1,-6,2,13
257594,党毅飞,周睿羊,白中盘胜,W,-1,-3,-1,-25
258827,周睿羊,毛睿龙,黑中盘胜,B,3,0,2,17
274864,周睿羊,连笑,白中盘胜,W,-2,1,-2,-10
275183,连笑,周睿羊,白中盘胜,W,-8,-1,-4,7
275637,连笑,周睿羊,黑中盘胜,B,2,5,0,0
280489,周睿羊,辜梓豪,白胜1又1/4子,W,3,6,2,-4
296528,古力,周睿羊,黑不计点胜,B,7,-2,6,-8
370927,周睿羊,赵晨宇,白中盘胜,W,2,-6,2,10
370973,周睿羊,谢尔豪,白胜1又1/4子,W,0,4,0,20
370997,周睿羊,申真谞,黑中盘胜,B,-1,-1,0,-1
371017,周睿羊,彭立尧,黑中盘胜,B,0,3,-1,-12
371062,彭立尧,周睿羊,黑中盘胜,B,0,-2,0,3
371070,周睿羊,彭立尧,白中盘胜,W,-1,-1,-1,9
371091,丁世雄,周睿羊,白中盘胜,W,-1,2,-2,-1
371137,周睿羊,党毅飞,黑中盘胜,B,3,-4,2,-13
371176,邬光亚,周睿羊,白中盘胜,W,1,-2,2,1
371354,周睿羊,金庭贤,黑中盘胜,B,1,2,-1,27
371365,井山裕太,周睿羊,黑中盘胜,B,3,-1,3,3
371473,周睿羊,柁嘉熹,白中盘胜,W,1,4,1,5
371503,芈昱廷,周睿羊,黑胜3/4子,B,2,6,2,42
371526,柁嘉熹,周睿羊,白中盘胜,W,-2,1,-3,-8
371544,周睿羊,芈昱廷,白中盘胜,W,3,-4,2,9
371614,杨鼎新,周睿羊,白中盘胜,W,0,4,0,-7
371664,马逸超,周睿羊,白中盘胜,W,-8,2,-6,15
371697,周睿羊,朴廷桓,白胜1/4子,W,0,3,0,1
371764,周睿羊,韩升周,黑中盘胜,B,-2,1,2,27
371813,周睿羊,李东勋,白中盘胜,W,0,2,-1,-4
371853,周睿羊,赵晨宇,黑中盘胜,B,0,-3,0,-8
371882,芈昱廷,周睿羊,白胜1/4子,W,1,-8,1,8
372040,安冬旭,周睿羊,黑中盘胜,B,2,4,2,-17
372089,周睿羊,李翔宇,黑中盘胜,B,-3,1,-3,-9
372149,钟文靖,周睿羊,白中盘胜,W,2,3,0,5
372342,周睿羊,李轩豪,白胜1/4子,W,-1,4,-3,6
372459,周睿羊,彭立尧,黑中盘胜,B,5,-2,0,4
372522,牛雨田,周睿羊,黑中盘胜,B,2,3,1,7
372657,周睿羊,柯洁,白胜1又1/4子,W,-1,0,-1,-8
372739,范蕴若,周睿羊,黑中盘胜,B,-2,3,0,6
372795,丁浩,周睿羊,黑中盘胜,B,1,2,-3,-13
372865,周睿羊,廖行文,白中盘胜,W,0,-5,1,-11
372979,周睿羊,童梦成,白中盘胜,W,1,8,1,-5
373141,谢尔豪,周睿羊,黑中盘胜,B,3,3,2,9
373271,申旻埈,周睿羊,黑中盘胜,B,2,0,1,4
374233,周睿羊,孙腾宇,白中盘胜,W,-4,-2,-1,23
378758,彭荃,周睿羊,白胜1/4子,W,0,2,1,14
379827,周睿羊,陶欣然,白胜1/4子,W,-7,2,-6,27
384141,周睿羊,谢科,黑胜2又3/4子,B,2,0,0,18
386479,周睿羊,河野临,黑中盘胜,B,2,-1,3,31
387513,柯洁,周睿羊,白中盘胜,W,3,0,4,21
388105,古力,周睿羊,白中盘胜,W,-1,-3,0,-15
389160,朴永训,周睿羊,白中盘胜,W,2,4,2,-24
391068,周睿羊,时越,黑中盘胜,B,1,3,-1,1
391074,周睿羊,陈耀烨,黑胜3/4子,B,0,3,0,17
391097,江维杰,周睿羊,白中盘胜,W,0,0,-1,-16
394652,周睿羊,李铭,白中盘胜,W,1,1,0,17
400882,韩一洲,周睿羊,白中盘胜,W,0,4,1,-6
405109,陶欣然,周睿羊,白胜1/4子,W,0,-8,0,-16
406210,周睿羊,姜东润,白胜1/4子,W,0,6,-1,16
444581,周睿羊,邬光亚,黑中盘胜,B,-1,-6,0,-5
446455,范胤,周睿羊,白中盘胜,W,-3,-4,-4,6
449184,周睿羊,张涛,白中盘胜,W,3,10,5,12
493026,马逸超,周睿羊,白中盘胜,W,1,-1,2,-24
494324,杨楷文,周睿羊,白中盘胜,W,10,5,12,2
495806,周睿羊,李喆,白中盘胜,W,0,0,2,25
507079,周睿羊,杨楷文,黑中盘胜,B,2,3,2,23
507113,王昊洋,周睿羊,白中盘胜,W,1,6,2,39
508234,周睿羊,夏晨琨,黑中盘胜,B,-2,-3,-2,-5
509141,周睿羊,谢尔豪,黑中盘胜,B,0,2,-1,2
511211,周睿羊,范蕴若,白中盘胜,W,0,-2,0,4
517248,周睿羊,陈浩,黑不计点胜,B,4,-5,4,7
522997,周睿羊,黄云嵩,黑中盘胜,B,1,0,1,-6
535665,李钦诚,周睿羊,白中盘胜,W,2,17,3,-5
537599,芈昱廷,周睿羊,黑中盘胜,B,4,-1,10,16
541660,周睿羊,金志锡,白超时胜,W,1,2,0,12
542582,周睿羊,谢科,白中盘胜,W,2,-6,2,-3
547637,丁世雄,周睿羊,白中盘胜,W,4,0,7,18
559605,周睿羊,陈梓健,白中盘胜,W,1,2,0,-11
580466,李映九,周睿羊,黑中盘胜,B,-1,-4,-5,-14
584283,王硕,周睿羊,白中盘胜,W,0,-7,0,4
602161,周睿羊,夏晨琨,白胜1又1/4子,W,4,3,0,13
604365,周睿羊,唐韦星,白中盘胜,W,-1,-4,0,-7
638157,韩一洲,周睿羊,白中盘胜,W,1,4,3,4
640841,周睿羊,古力,黑中盘胜,B,-2,5,-2,-11
669661,周睿羊,崔哲瀚,黑中盘胜,B,5,1,3,9
671939,卞相壹,周睿羊,白中盘胜,W,-4,-2,-4,-10
674031,周睿羊,周贺玺,黑中盘胜,B,-2,-2,-1,26
691919,黄云嵩,周睿羊,白中盘胜,W,-1,2,-1,-24
702364,周睿羊,连笑,白中盘胜,W,2,1,3,-2
706082,陈耀烨,周睿羊,黑中盘胜,B,6,-2,4,23
722221,周睿羊,丁世雄,黑胜3/4子,B,1,8,2,30
724405,伊凌涛,周睿羊,黑中盘胜,B,0,2,0,3
729101,周睿羊,李维清,白胜1又1/4子,W,-2,4,-2,-14
738613,周睿羊,夏晨琨,黑中盘胜,B,4,9,3,13
742463,连笑,周睿羊,白中盘胜,W,5,4,3,-4
745297,周睿羊,连笑,白中盘胜,W,1,4,2,-1
747632,周睿羊,连笑,白中盘胜,W,0,-4,0,11
752036,孟泰龄,周睿羊,白中盘胜,W,6,1,8,0
816323,周睿羊,韩一洲,黑中盘胜,B,-5,-4,-6,9
819703,李轩豪,周睿羊,白中盘胜,W,1,3,1,5
867191,孟泰龄,周睿羊,白中盘胜,W,0,-1,-2,-9
869677,周睿羊,范蕴若,白胜1又1/4子,W,-2,9,-1,12
991305,许嘉阳,周睿羊,黑中盘胜,B,-1,-4,-3,10
1056629,党毅飞,周睿羊,黑中盘胜,B,2,-6,2,16
1071354,周睿羊,古力,白中盘胜,W,1,1,0,-3
1128189,黄云嵩,周睿羊,白中盘胜,W,0,-4,0,1
1134195,孟泰龄,周睿羊,白中盘胜,W,-1,-6,-2,-10
1147778,范廷钰,周睿羊,白中盘胜,W,3,5,4,16
1153591,陈耀烨,周睿羊,白棋2.5目胜,W,0,-2,-1,0
1172047,周睿羊,辜梓豪,黑棋中盘胜,B,-1,2,-2,-8
1189725,陈耀烨,周睿羊,黑中盘胜,B,3,-5,3,14
1197396,周睿羊,陈耀烨,白棋中盘胜,W,3,-6,1,3
1263103,戎毅,周睿羊,白中盘胜,W,-1,1,-1,-14
1269019,周睿羊,范蕴若,白中盘胜,W,4,6,1,-2
1277161,刘曦,周睿羊,白中盘胜,W,1,1,1,-9
1444265,杨鼎新,周睿羊,黑胜3/4子,B,2,3,1,-2
1478444,周睿羊,唐韦星,黑棋中盘胜,B,8,-1,9,9
1975119,周睿羊,谢科,白中盘胜,W,0,0,0,14
1975141,李轩豪,周睿羊,白中盘胜,W,1,-3,3,-4
1975241,周睿羊,赵中暄,黑中盘胜,B,1,4,3,11
1975275,古灵益,周睿羊,白中盘胜,W,-1,-1,-2,20
1975284,周睿羊,柁嘉熹,白棋中盘胜,W,1,-2,0,25
1975363,周睿羊,许嘉阳,白中盘胜,W,2,0,3,28
1999886,周睿羊,丁浩,白中盘胜,W,3,1,3,-6
2000031,韩一洲,周睿羊,白中盘胜,W,0,3,0,-17
2136012,周睿羊,陈梓健,白棋中盘胜,W,-1,4,-1,4
2167897,廖元赫,周睿羊,白棋中盘胜,W,1,-1,1,-8
2167906,杨鼎新,周睿羊,黑棋中盘胜,B,-1,-7,-1,4
2293206,王星昊,周睿羊,黑棋中盘胜,B,-2,1,-2,-20
2293225,沈沛然,周睿羊,白棋中盘胜,W,0,5,-1,7
2329195,周睿羊,何语涵,黑棋中盘胜,B,2,-2,3,17
2341979,周睿羊,柳琪峰,黑棋中盘胜,B,-1,-7,1,26
2372392,蔡竞,周睿羊,黑棋中盘胜,B,-12,-5,-15,-29
2372408,李钦诚,周睿羊,黑棋中盘胜,B,3,8,5,6
2395700,赵晨宇,周睿羊,白棋中盘胜,W,0,0,-1,-20
2517393,於之莹,周睿羊,白棋中盘胜,W,0,-2,-1,-13
3231207,邬光亚,周睿羊,白棋中盘胜,W,2,8,2,19
3231257,屠晓宇,周睿羊,黑棋中盘胜,B,0,-4,-11,-15
3231292,周睿羊,陶欣然,白棋中盘胜,W,0,-3,0,-17
3231305,李成森,周睿羊,黑棋中盘胜,B,2,-10,0,13
3301570,周睿羊,孟泰龄,黑棋中盘胜,B,2,-4,0,0
3301576,彭立尧,周睿羊,白棋1/4子胜,W,-1,4,-1,-12
3301588,周睿羊,连笑,白棋中盘胜,W,4,6,4,29
3483077,周睿羊,许嘉阳,白棋中盘胜,W,-3,-4,-6,2
3717848,周睿羊,李翔宇,白棋1/4子胜,W,-2,0,-3,8
3717924,党毅飞,周睿羊,白棋中盘胜,W,-3,-9,-1,-6
4188244,周睿羊,檀啸,白棋中盘胜,W,0,-7,-2,28
4194605,周睿羊,许嘉阳,白棋中盘胜,W,0,2,-1,-9
4287689,周睿羊,王泽锦,白棋中盘胜,W,2,-2,3,19
4290793,王星昊,周睿羊,白棋中盘胜,W,0,2,-1,12
4303975,廖元赫,周睿羊,黑棋中盘胜,B,3,-2,2,2
4485142,周睿羊,童梦成,白棋中盘胜,W,-2,0,-2,7
4742042,周睿羊,孟泰龄,白棋中盘胜,W,-2,5,-4,-37
4745660,姜东润,周睿羊,黑棋3/4子胜,B,0,-2,-1,-5
5196622,周睿羊,丁浩,白棋中盘胜,W,2,4,2,9
6253614,成家业,周睿羊,白棋中盘胜,W,-1,5,0,-5
6259537,王泽锦,周睿羊,白棋1又1/4子胜,W,-6,-3,-5,-19
6271760,周睿羊,姜东润,黑棋中盘胜,B,1,0,0,18
6284545,卞相壹,周睿羊,黑棋中盘胜,B,4,7,7,1
6423328,周睿羊,陈贤,白棋中盘胜,W,2,-4,9,-1
6522459,李翔宇,周睿羊,黑棋1又3/4子胜,B,2,3,4,-17
54,张栩,古力,W+R,W,-1,-4,0,2
73,聂卫平,张栩,W+6.5,W,-3,6,-3,8
89,李世石,张栩,B+R,B,0,2,1,-3
363,林子渊,张栩,W+R,W,0,-1,-2,6
427,黄翊祖,张栩,W+R,W,-3,-2,0,-9
710,张栩,井山裕太,W+R,W,-3,4,-2,-1
1035,张栩,林汉杰,B+R,B,0,-4,1,4
59380,张栩,今村俊也,B+R,B,1,-2,-6,-7
59918,张栩,河野临,B+R,B,1,-3,1,17
61844,羽根直树,张栩,W+R,W,-1,-2,-2,-8
61959,王立诚,张栩,B+0.5,B,2,1,2,-19
61961,羽根直树,张栩,W+R,W,-1,3,1,0
61979,小县真树,张栩,W+R,W,3,2,3,3
62066,高尾绅路,张栩,B+2.5,B,-1,2,-3,1
62112,濑户大树,张栩,W+R,W,-1,4,0,-12
62121,张栩,黄翊祖,B+R,B,3,-1,3,8
62135,张栩,高尾绅路,B+R,B,-1,-4,-6,24
62179,高尾绅路,张栩,B+0.5,B,-4,6,3,-23
62209,高尾绅路,张栩,B+0.5,B,2,9,2,2
62381,张栩,高尾绅路,B+R,B,1,1,-1,-5
62468,高尾绅路,张栩,W+R,W,0,5,0,10
62528,张栩,井山裕太,W+R,W,-1,4,-2,-7
62589,羽根直树,张栩,B+1.5,B,3,-3,2,12
62605,张栩,高尾绅路,W+R,W,-2,2,-4,-20
62640,河野临,张栩,B+0.5,B,2,1,4,5
62687,张栩,高尾绅路,B+R,B,-1,4,-2,10
62761,井山裕太,张栩,B+R,B,-2,-2,-1,-18
62801,高尾绅路,张栩,W+2.5,W,-7,-4,-9,-8
62988,张栩,井山裕太,B+R,B,3,1,4,4
63053,张栩,沟上知亲,B+5.5,B,-2,0,-3,28
63152,井山裕太,张栩,B+R,B,5,3,5,-3
63793,张栩,邱峻,黑胜5点,B,-2,0,-4,0
63828,张栩,李昌镐,白不计点胜,W,5,3,5,23
64171,羽根直树,张栩,B+2.5,B,-1,1,-1,-19
64250,张栩,江维杰,W+R,W,5,5,6,25
65871,张栩,山下敬吾,W+R,W,1,3,1,22
65899,坂井秀至,张栩,W+2.5,W,3,5,3,-12
65904,张栩,高尾绅路,W+R,W,-2,-2,-4,15
65914,张栩,清成哲也,B+15.5,B,-3,-2,-11,-1
66258,小县真树,张栩,B+R,B,2,2,0,5
66282,内田修平,张栩,B+R,B,-1,4,0,-9
66290,张栩,井山裕太,W+5.5,W,0,-2,-2,7
66306,井山裕太,张栩,B+R,B,-4,1,-2,-14
66404,张栩,金秀俊,B+R,B,1,-1,-1,13
66436,张栩,井山裕太,W+R,W,-6,3,-7,-5
66673,井山裕太,张栩,B+R,B,0,-1,-2,2
66688,羽根直树,张栩,W+R,W,0,0,0,-15
66837,小林觉,张栩,W+R,W,1,-3,0,-6
66871,张栩,井山裕太,B+R,B,-2,4,-3,11
66897,张栩,今村俊也,B+R,B,2,-3,1,18
66907,井山裕太,张栩,W+R,W,-4,7,-1,0
67018,张栩,古力,W+4.5,W,1,-5,0,13
67086,结城聪,张栩,W+R,W,-2,-5,-3,-22
67091,张栩,伊田笃史,B+7.5,B,5,-5,7,24
67153,张栩,井山裕太,W+R,W,2,-1,-2,-6
67165,张栩,金秀俊,B+R,B,0,-7,1,3
67168,张栩,星川航洋,B+12.5,B,3,1,-9,10
67294,志田达哉,张栩,B+2.5,B,-1,7,-3,-7
67303,赵善津,张栩,W+R,W,2,4,2,-11
67307,张栩,结城聪,B+R,B,2,0,5,7
67344,张栩,依田纪基,B+3.5,B,1,1,2,-4
67402,张栩,井山裕太,W+7.5,W,3,-2,1,13
67516,张栩,村川大介,B+R,B,0,-1,1,-17
67524,井山裕太,张栩,B+R,B,2,-2,2,-21
67614,山城宏,张栩,B+R,B,-1,6,0,17
67682,井山裕太,张栩,B+R,B,1,4,0,-21
67708,张栩,加藤充志,B+R,B,3,1,2,11
68094,张栩,山下敬吾,W+3.5,W,2,6,2,27
68319,张栩,井山裕太,B+R,B,2,3,0,3
68322,沟上知亲,张栩,W+R,W,-3,4,-3,-3
68326,张栩,小林觉,W+R,W,1,-6,1,12
68892,依田纪基,张栩,B+1.5,B,-2,-3,-3,-23
68902,余正麒,张栩,B+4.5,B,0,-7,0,-3
69141,河野临,张栩,B+0.5,B,0,5,0,23
69535,张栩,高尾绅路,W+2.5,W,0,-2,0,-16
69558,张栩,结城聪,B+2.5,B,1,1,-1,12
69777,河野临,张栩,B+R,B,3,5,4,-8
70022,羽根直树,张栩,W+1.5,W,1,0,1,9
70023,金秀俊,张栩,W+R,W,-1,1,0,6
70029,张栩,古谷裕,B+R,B,2,0,1,12
70347,山城宏,张栩,B+1.5,B,-1,-2,1,-1
70690,王立诚,张栩,W+R,W,-2,0,-4,-7
70817,王立诚,张栩,W+2.5,W,-1,-2,-1,-39
70822,张栩,井山裕太,W+R,W,2,-3,3,10
70980,林子渊,张栩,W+R,W,0,2,0,0
71639,井山裕太,张栩,B+R,B,0,7,0,-23
71660,张栩,井山裕太,B+R,B,-3,-5,-4,-38
72028,高尾绅路,张栩,B+R,B,-3,0,-5,-9
72050,井山裕太,张栩,B+R,B,0,10,5,4
72055,张栩,陈耀烨,B+R,B,-1,3,-1,8
72195,张栩,金志锡,W+R,W,0,7,1,7
73352,田中伸幸,张栩,B+R,B,4,0,4,10
73482,张栩,结城聪,W+R,W,2,2,4,48
73857,结城聪,张栩,W+R,W,-3,1,-3,-3
74801,张栩,柳泽理志,B+R,B,0,1,0,12
74822,山下敬吾,张栩,B+R,B,1,6,5,6
74830,张栩,坂井秀至,B+R,B,2,-4,1,22
74848,伊田笃史,张栩,白胜0.5目,W,-3,5,-3,-25
75398,村川大介,张栩,白中盘胜,W,-2,-3,-5,-5
75450,金秀俊,张栩,白中盘胜,W,-2,0,-1,-17
75636,张栩,樊麾,B+R,B,1,3,3,19
75744,江维杰,张栩,W+R,W,-2,4,0,-2
76155,柳时熏,张栩,W+7.5,W,-1,-3,1,2
76176,张栩,余正麒,W+R,W,1,1,1,-1
76933,谢赫,张栩,B+3.5,B,3,0,-1,16
84752,张栩,古力,白棋1/4子胜！,W,1,6,2,45
88637,张栩,三村智保,白棋中盘胜！,W,-2,-3,-1,28
88688,张栩,羽根直树,白棋半目胜!,W,0,1,0,-1
94413,张栩,大竹英雄,白1目半胜,W,0,-1,0,7
97129,山下敬吾,张栩,黑中盘胜,B,2,1,3,9
100199,张栩,濑户大树,黑中盘胜,B,-1,-3,-3,-8
130555,张栩,恩田烈彦,黑中盘胜,B,4,5,5,20
152745,张栩,柯洁,白中盘胜,W,0,7,0,-18
160969,伊田笃史,张栩,白中盘胜,W,-2,1,-1,-12
166548,张栩,片冈聪,黑胜6.5目,B,1,2,0,4
169032,山田规三生,张栩,白中盘胜,W,-2,3,-2,-33
180220,张栩,高尾绅路,白胜0.5目,W,-2,-8,-6,-2
184320,小林觉,张栩,白中盘胜,W,0,2,-1,-17
189471,张栩,山城宏,黑中盘胜,B,-1,-1,-3,-2
197884,张栩,苏耀国,黑中盘胜,B,0,-3,-1,28
216791,工藤纪夫,张栩,白中盘胜,W,2,3,2,10
220570,张栩,范廷钰,白中盘胜,W,-7,-6,-7,16
225889,张栩,孔令文,黑中盘胜,B,2,4,7,9
227156,堀本满成,张栩,黑中盘胜,B,-5,6,-2,-4
230848,张栩,山下敬吾,黑胜5.5目,B,0,-4,1,-11
234227,张栩,河野临,黑胜0.5目,B,0,6,0,9
236267,张栩,大场惇也,黑胜2.5目,B,-3,5,-6,15
242002,张栩,三谷哲也,黑中盘胜,B,1,-1,-2,12
249121,高尾绅路,张栩,黑1目半胜,B,1,8,2,1
259188,张栩,金艳,黑中盘胜,B,0,0,-1,-9
271578,井口丰秀,张栩,黑中盘胜,B,0,4,-1,-10
273405,张栩,泉谷英雄,黑中盘胜,B,0,-3,-5,20
274871,张栩,一力辽,白胜8.5目,W,2,-3,0,27
289407,羽根直树,张栩,黑中盘胜,B,-1,-3,-2,-13
296525,村松龙一,张栩,白中盘胜,W,-1,3,0,-3
371025,张栩,山下敬吾,白中盘胜,W,0,-5,2,4
371047,张栩,山田晋次,黑中盘胜,B,-1,-1,-1,16
371290,今村俊也,张栩,白中盘胜,W,-3,-5,-2,-34
371487,张栩,河野临,黑中盘胜,B,-5,-1,-3,-5
371571,张栩,志田达哉,白中盘胜,W,0,0,0,13
371752,张栩,井山裕太,白中盘胜,W,1,-5,1,5
371859,山下敬吾,张栩,白胜0.5目,W,2,4,3,17
371982,张栩,张瑞杰,黑中盘胜,B,1,2,-3,22
372121,张栩,坂井秀至,黑胜4.5目,B,-1,-6,-2,-26
372639,张栩,金泽真,黑胜4.5目,B,2,2,4,6
372844,张栩,大桥拓文,黑中盘胜,B,4,10,4,26
373154,望月研一,张栩,白中盘胜,W,0,-4,3,5
397776,张栩,万波奈穗,黑中盘胜,B,-1,-3,-1,20
400391,张栩,张豊猷,黑中盘胜,B,1,-1,1,6
449188,张栩,芝野虎丸,白胜4.5目,W,-2,0,-2,3
486092,张栩,村川大介,黑胜2.5目,B,3,9,10,14
531925,张栩,张栩,黑中盘胜,B,0,0,0,2
555828,张栩,结城聪,黑中盘胜,B,4,9,4,12
555829,仲邑信也,张栩,白中盘胜,W,1,-3,3,-33
555830,张栩,秋山次郎,黑中盘胜,B,6,9,3,9
557693,张栩,大西龙平,白胜11.5目,W,0,-5,0,-2
605572,黄翊祖,张栩,白中盘胜,W,-2,7,-5,-20
623385,高尾绅路,张栩,白中盘胜,W,1,-1,1,-14
648509,今村俊也,张栩,白中盘胜,W,-3,-8,-3,7
729094,井山裕太,张栩,白胜4.5目,W,-1,1,-3,-25
849668,中野泰宏,张栩,白中盘胜,W,-2,-5,-2,-8
883714,桑原树,张栩,白中盘胜,W,2,-2,2,1
1036158,山城宏,张栩,白胜3.5目,W,-4,0,-3,-35
1071339,张栩,伊田笃史,白中盘胜,W,-1,0,0,-12
1137016,张栩,藤泽里菜,白胜2.5目,W,-2,0,1,2
1159255,余正麒,张栩,白胜1.5目,W,-2,3,-4,-18
1249183,赵晨宇,张栩,黑中盘胜,B,0,4,-1,6
1975267,范廷钰,张栩,白胜1/4子,W,3,-1,1,13
1999994,一力辽,张栩,白中盘胜,W,0,0,4,10
3231132,张栩,一力辽,白棋2.5目胜,W,0,3,1,1
